{
    "bindings": [
        {
            "font": "{01c223d5-39d5-4322-88b0-edbb4baa1374}",
            "language": "{fcfe3ff4-f230-448f-9078-4599da2911d5}",
            "string": "{004dc237-77fb-4272-a4c0-f1f50ad510e7}"
        },
        {
            "font": "{01c223d5-39d5-4322-88b0-edbb4baa1374}",
            "language": "{fcfe3ff4-f230-448f-9078-4599da2911d5}",
            "string": "{12978f2d-1e7f-4e7d-905f-88909efe7eac}"
        },
        {
            "font": "{01c223d5-39d5-4322-88b0-edbb4baa1374}",
            "language": "{fcfe3ff4-f230-448f-9078-4599da2911d5}",
            "string": "{2fb7cbb5-a9ff-4e10-9a36-12cbcee0a3ff}"
        },
        {
            "font": "{01c223d5-39d5-4322-88b0-edbb4baa1374}",
            "language": "{fcfe3ff4-f230-448f-9078-4599da2911d5}",
            "string": "{30f19abb-64b3-4929-a56d-35aafce15f7e}"
        },
        {
            "font": "{01c223d5-39d5-4322-88b0-edbb4baa1374}",
            "language": "{fcfe3ff4-f230-448f-9078-4599da2911d5}",
            "string": "{3560ac5a-593a-422a-abec-0a39f96c957e}"
        },
        {
            "font": "{01c223d5-39d5-4322-88b0-edbb4baa1374}",
            "language": "{fcfe3ff4-f230-448f-9078-4599da2911d5}",
            "string": "{37f164c1-c910-4a55-913a-4e10f05b3953}"
        },
        {
            "font": "{01c223d5-39d5-4322-88b0-edbb4baa1374}",
            "language": "{fcfe3ff4-f230-448f-9078-4599da2911d5}",
            "string": "{3dc662c5-83d5-4f03-8d2b-9483ee55b42e}"
        },
        {
            "font": "{01c223d5-39d5-4322-88b0-edbb4baa1374}",
            "language": "{fcfe3ff4-f230-448f-9078-4599da2911d5}",
            "string": "{51adc919-afe3-44fb-96d4-e63ab4889f56}"
        },
        {
            "font": "{01c223d5-39d5-4322-88b0-edbb4baa1374}",
            "language": "{fcfe3ff4-f230-448f-9078-4599da2911d5}",
            "string": "{5a739280-468c-4dd5-953b-0a29a53d4d31}"
        },
        {
            "font": "{01c223d5-39d5-4322-88b0-edbb4baa1374}",
            "language": "{fcfe3ff4-f230-448f-9078-4599da2911d5}",
            "string": "{720ba263-39a9-4338-8f88-5922217de576}"
        },
        {
            "font": "{01c223d5-39d5-4322-88b0-edbb4baa1374}",
            "language": "{fcfe3ff4-f230-448f-9078-4599da2911d5}",
            "string": "{7fb94215-5bea-494a-9e95-ed4e9854b3eb}"
        },
        {
            "font": "{01c223d5-39d5-4322-88b0-edbb4baa1374}",
            "language": "{fcfe3ff4-f230-448f-9078-4599da2911d5}",
            "string": "{9b832886-7959-40d6-8994-08e2b321cb2b}"
        },
        {
            "font": "{01c223d5-39d5-4322-88b0-edbb4baa1374}",
            "language": "{fcfe3ff4-f230-448f-9078-4599da2911d5}",
            "string": "{9f6bbf19-4503-44f6-a1ca-4a9209312817}"
        },
        {
            "font": "{01c223d5-39d5-4322-88b0-edbb4baa1374}",
            "language": "{fcfe3ff4-f230-448f-9078-4599da2911d5}",
            "string": "{a3b6ba02-979b-4718-a082-ac6dfa18a1ba}"
        },
        {
            "font": "{01c223d5-39d5-4322-88b0-edbb4baa1374}",
            "language": "{fcfe3ff4-f230-448f-9078-4599da2911d5}",
            "string": "{ab83bed8-5fa4-415d-8c73-6b6f70f25501}"
        },
        {
            "font": "{01c223d5-39d5-4322-88b0-edbb4baa1374}",
            "language": "{fcfe3ff4-f230-448f-9078-4599da2911d5}",
            "string": "{ae9cbbcb-1350-4095-b0ef-907754ea5331}"
        },
        {
            "font": "{01c223d5-39d5-4322-88b0-edbb4baa1374}",
            "language": "{fcfe3ff4-f230-448f-9078-4599da2911d5}",
            "string": "{be1b51d2-9a69-40d6-a27a-69ec2e89389c}"
        },
        {
            "font": "{01c223d5-39d5-4322-88b0-edbb4baa1374}",
            "language": "{fcfe3ff4-f230-448f-9078-4599da2911d5}",
            "string": "{cc2a0053-5a9b-4bf3-8b9a-8cd19fcff3cf}"
        },
        {
            "font": "{01c223d5-39d5-4322-88b0-edbb4baa1374}",
            "language": "{fcfe3ff4-f230-448f-9078-4599da2911d5}",
            "string": "{cdc81be7-57a0-4d32-9c92-0aaab4897613}"
        },
        {
            "font": "{01c223d5-39d5-4322-88b0-edbb4baa1374}",
            "language": "{fcfe3ff4-f230-448f-9078-4599da2911d5}",
            "string": "{eb3c5329-6c3f-4796-b04e-d3dac6de798d}"
        },
        {
            "font": "{01c223d5-39d5-4322-88b0-edbb4baa1374}",
            "language": "{fcfe3ff4-f230-448f-9078-4599da2911d5}",
            "string": "{f3463509-29ab-4a20-801d-6b379b5d7a19}"
        },
        {
            "font": "{01c223d5-39d5-4322-88b0-edbb4baa1374}",
            "language": "{fcfe3ff4-f230-448f-9078-4599da2911d5}",
            "string": "{fbe03129-4f21-4e73-a82e-94011e178eb0}"
        },
        {
            "font": "{01c223d5-39d5-4322-88b0-edbb4baa1374}",
            "language": "{fcfe3ff4-f230-448f-9078-4599da2911d5}",
            "string": "{fe07c7e6-deca-4193-8403-840184a9a895}"
        },
        {
            "font": "{1a1c526d-62ba-42c3-a02d-3748fa6cc6c0}",
            "language": "{fcfe3ff4-f230-448f-9078-4599da2911d5}",
            "string": "{18039917-0f89-4814-9b4e-148914412c81}"
        },
        {
            "font": "{1a1c526d-62ba-42c3-a02d-3748fa6cc6c0}",
            "language": "{fcfe3ff4-f230-448f-9078-4599da2911d5}",
            "string": "{5439d1ad-31ea-45a5-9076-3c5bbb1bcd13}"
        },
        {
            "font": "{1a1c526d-62ba-42c3-a02d-3748fa6cc6c0}",
            "language": "{fcfe3ff4-f230-448f-9078-4599da2911d5}",
            "string": "{cc7f4c4d-11d1-4ae7-8cc0-e0e1ded144cb}"
        },
        {
            "font": "{32aa32ea-6a08-478b-ba7e-c3cb733dec56}",
            "language": "{fcfe3ff4-f230-448f-9078-4599da2911d5}",
            "string": "{0b4b63a2-9bd8-429f-9899-e516825e4920}"
        },
        {
            "font": "{32aa32ea-6a08-478b-ba7e-c3cb733dec56}",
            "language": "{fcfe3ff4-f230-448f-9078-4599da2911d5}",
            "string": "{68c77012-6bc0-43db-8c51-03bf3329ab77}"
        },
        {
            "font": "{32aa32ea-6a08-478b-ba7e-c3cb733dec56}",
            "language": "{fcfe3ff4-f230-448f-9078-4599da2911d5}",
            "string": "{744b9f38-8640-40d3-ac50-c550ec747452}"
        },
        {
            "font": "{32aa32ea-6a08-478b-ba7e-c3cb733dec56}",
            "language": "{fcfe3ff4-f230-448f-9078-4599da2911d5}",
            "string": "{aa84d0d4-adc5-447c-a7a4-4159491fc879}"
        },
        {
            "font": "{32aa32ea-6a08-478b-ba7e-c3cb733dec56}",
            "language": "{fcfe3ff4-f230-448f-9078-4599da2911d5}",
            "string": "{aebd4229-a0e8-48e3-abee-db1bce442198}"
        }
    ],
    "defaultLanguage": "{fcfe3ff4-f230-448f-9078-4599da2911d5}",
    "encoding": "ASCII",
    "languages": [
        {
            "properties": {
                "__categories": [
                ],
                "__groups": [
                ],
                "enabled": {
                    "enabled": true,
                    "type": "boolean",
                    "value": true,
                    "visible": true
                },
                "id": {
                    "enabled": true,
                    "type": "uuid",
                    "value": "{fcfe3ff4-f230-448f-9078-4599da2911d5}",
                    "visible": true
                },
                "name": {
                    "enabled": true,
                    "type": "text",
                    "value": "English",
                    "visible": true
                }
            }
        }
    ],
    "paths": [
    ],
    "strings": [
        {
            "properties": {
                "__categories": [
                ],
                "__groups": [
                ],
                "description": {
                    "enabled": true,
                    "type": "text",
                    "value": "",
                    "visible": true
                },
                "id": {
                    "enabled": true,
                    "type": "uuid",
                    "value": "{004dc237-77fb-4272-a4c0-f1f50ad510e7}",
                    "visible": true
                },
                "name": {
                    "enabled": true,
                    "type": "text",
                    "value": "StringEth",
                    "visible": true
                },
                "path": {
                    "enabled": true,
                    "type": "text",
                    "value": "/",
                    "visible": true
                }
            },
            "values": [
                {
                    "language": "{fcfe3ff4-f230-448f-9078-4599da2911d5}",
                    "value": "          ETH"
                }
            ]
        },
        {
            "properties": {
                "__categories": [
                ],
                "__groups": [
                ],
                "description": {
                    "enabled": true,
                    "type": "text",
                    "value": "",
                    "visible": true
                },
                "id": {
                    "enabled": true,
                    "type": "uuid",
                    "value": "{0b4b63a2-9bd8-429f-9899-e516825e4920}",
                    "visible": true
                },
                "name": {
                    "enabled": true,
                    "type": "text",
                    "value": "StringMain",
                    "visible": true
                },
                "path": {
                    "enabled": true,
                    "type": "text",
                    "value": "/",
                    "visible": true
                }
            },
            "values": [
                {
                    "language": "{fcfe3ff4-f230-448f-9078-4599da2911d5}",
                    "value": "Main"
                }
            ]
        },
        {
            "properties": {
                "__categories": [
                ],
                "__groups": [
                ],
                "description": {
                    "enabled": true,
                    "type": "text",
                    "value": "",
                    "visible": true
                },
                "id": {
                    "enabled": true,
                    "type": "uuid",
                    "value": "{12978f2d-1e7f-4e7d-905f-88909efe7eac}",
                    "visible": true
                },
                "name": {
                    "enabled": true,
                    "type": "text",
                    "value": "Stringn5",
                    "visible": true
                },
                "path": {
                    "enabled": true,
                    "type": "text",
                    "value": "/",
                    "visible": true
                }
            },
            "values": [
                {
                    "language": "{fcfe3ff4-f230-448f-9078-4599da2911d5}",
                    "value": "-5"
                }
            ]
        },
        {
            "properties": {
                "__categories": [
                ],
                "__groups": [
                ],
                "description": {
                    "enabled": true,
                    "type": "text",
                    "value": "",
                    "visible": true
                },
                "id": {
                    "enabled": true,
                    "type": "uuid",
                    "value": "{18039917-0f89-4814-9b4e-148914412c81}",
                    "visible": true
                },
                "name": {
                    "enabled": true,
                    "type": "text",
                    "value": "StringOutput",
                    "visible": true
                },
                "path": {
                    "enabled": true,
                    "type": "text",
                    "value": "/",
                    "visible": true
                }
            },
            "values": [
                {
                    "language": "{fcfe3ff4-f230-448f-9078-4599da2911d5}",
                    "value": "Output"
                }
            ]
        },
        {
            "properties": {
                "__categories": [
                ],
                "__groups": [
                ],
                "description": {
                    "enabled": true,
                    "type": "text",
                    "value": "",
                    "visible": true
                },
                "id": {
                    "enabled": true,
                    "type": "uuid",
                    "value": "{2fb7cbb5-a9ff-4e10-9a36-12cbcee0a3ff}",
                    "visible": true
                },
                "name": {
                    "enabled": true,
                    "type": "text",
                    "value": "StringI2S",
                    "visible": true
                },
                "path": {
                    "enabled": true,
                    "type": "text",
                    "value": "/",
                    "visible": true
                }
            },
            "values": [
                {
                    "language": "{fcfe3ff4-f230-448f-9078-4599da2911d5}",
                    "value": "          I2S"
                }
            ]
        },
        {
            "properties": {
                "__categories": [
                ],
                "__groups": [
                ],
                "description": {
                    "enabled": true,
                    "type": "text",
                    "value": "",
                    "visible": true
                },
                "id": {
                    "enabled": true,
                    "type": "uuid",
                    "value": "{30f19abb-64b3-4929-a56d-35aafce15f7e}",
                    "visible": true
                },
                "name": {
                    "enabled": true,
                    "type": "text",
                    "value": "Stringn20",
                    "visible": true
                },
                "path": {
                    "enabled": true,
                    "type": "text",
                    "value": "/",
                    "visible": true
                }
            },
            "values": [
                {
                    "language": "{fcfe3ff4-f230-448f-9078-4599da2911d5}",
                    "value": "-20"
                }
            ]
        },
        {
            "properties": {
                "__categories": [
                ],
                "__groups": [
                ],
                "description": {
                    "enabled": true,
                    "type": "text",
                    "value": "",
                    "visible": true
                },
                "id": {
                    "enabled": true,
                    "type": "uuid",
                    "value": "{3560ac5a-593a-422a-abec-0a39f96c957e}",
                    "visible": true
                },
                "name": {
                    "enabled": true,
                    "type": "text",
                    "value": "Stringn25",
                    "visible": true
                },
                "path": {
                    "enabled": true,
                    "type": "text",
                    "value": "/",
                    "visible": true
                }
            },
            "values": [
                {
                    "language": "{fcfe3ff4-f230-448f-9078-4599da2911d5}",
                    "value": "-25"
                }
            ]
        },
        {
            "properties": {
                "__categories": [
                ],
                "__groups": [
                ],
                "description": {
                    "enabled": true,
                    "type": "text",
                    "value": "",
                    "visible": true
                },
                "id": {
                    "enabled": true,
                    "type": "uuid",
                    "value": "{37f164c1-c910-4a55-913a-4e10f05b3953}",
                    "visible": true
                },
                "name": {
                    "enabled": true,
                    "type": "text",
                    "value": "Stringn15",
                    "visible": true
                },
                "path": {
                    "enabled": true,
                    "type": "text",
                    "value": "/",
                    "visible": true
                }
            },
            "values": [
                {
                    "language": "{fcfe3ff4-f230-448f-9078-4599da2911d5}",
                    "value": "-15"
                }
            ]
        },
        {
            "properties": {
                "__categories": [
                ],
                "__groups": [
                ],
                "description": {
                    "enabled": true,
                    "type": "text",
                    "value": "",
                    "visible": true
                },
                "id": {
                    "enabled": true,
                    "type": "uuid",
                    "value": "{3dc662c5-83d5-4f03-8d2b-9483ee55b42e}",
                    "visible": true
                },
                "name": {
                    "enabled": true,
                    "type": "text",
                    "value": "StringUSB",
                    "visible": true
                },
                "path": {
                    "enabled": true,
                    "type": "text",
                    "value": "/",
                    "visible": true
                }
            },
            "values": [
                {
                    "language": "{fcfe3ff4-f230-448f-9078-4599da2911d5}",
                    "value": "          USB"
                }
            ]
        },
        {
            "properties": {
                "__categories": [
                ],
                "__groups": [
                ],
                "description": {
                    "enabled": true,
                    "type": "text",
                    "value": "",
                    "visible": true
                },
                "id": {
                    "enabled": true,
                    "type": "uuid",
                    "value": "{51adc919-afe3-44fb-96d4-e63ab4889f56}",
                    "visible": true
                },
                "name": {
                    "enabled": true,
                    "type": "text",
                    "value": "String5",
                    "visible": true
                },
                "path": {
                    "enabled": true,
                    "type": "text",
                    "value": "/",
                    "visible": true
                }
            },
            "values": [
                {
                    "language": "{fcfe3ff4-f230-448f-9078-4599da2911d5}",
                    "value": "5"
                }
            ]
        },
        {
            "properties": {
                "__categories": [
                ],
                "__groups": [
                ],
                "description": {
                    "enabled": true,
                    "type": "text",
                    "value": "",
                    "visible": true
                },
                "id": {
                    "enabled": true,
                    "type": "uuid",
                    "value": "{5439d1ad-31ea-45a5-9076-3c5bbb1bcd13}",
                    "visible": true
                },
                "name": {
                    "enabled": true,
                    "type": "text",
                    "value": "StringStop",
                    "visible": true
                },
                "path": {
                    "enabled": true,
                    "type": "text",
                    "value": "/",
                    "visible": true
                }
            },
            "values": [
                {
                    "language": "{fcfe3ff4-f230-448f-9078-4599da2911d5}",
                    "value": "Stop"
                }
            ]
        },
        {
            "properties": {
                "__categories": [
                ],
                "__groups": [
                ],
                "description": {
                    "enabled": true,
                    "type": "text",
                    "value": "",
                    "visible": true
                },
                "id": {
                    "enabled": true,
                    "type": "uuid",
                    "value": "{5a739280-468c-4dd5-953b-0a29a53d4d31}",
                    "visible": true
                },
                "name": {
                    "enabled": true,
                    "type": "text",
                    "value": "StringL",
                    "visible": true
                },
                "path": {
                    "enabled": true,
                    "type": "text",
                    "value": "/",
                    "visible": true
                }
            },
            "values": [
                {
                    "language": "{fcfe3ff4-f230-448f-9078-4599da2911d5}",
                    "value": "L"
                }
            ]
        },
        {
            "properties": {
                "__categories": [
                ],
                "__groups": [
                ],
                "description": {
                    "enabled": true,
                    "type": "text",
                    "value": "",
                    "visible": true
                },
                "id": {
                    "enabled": true,
                    "type": "uuid",
                    "value": "{68c77012-6bc0-43db-8c51-03bf3329ab77}",
                    "visible": true
                },
                "name": {
                    "enabled": true,
                    "type": "text",
                    "value": "StringHost",
                    "visible": true
                },
                "path": {
                    "enabled": true,
                    "type": "text",
                    "value": "/",
                    "visible": true
                }
            },
            "values": [
                {
                    "language": "{fcfe3ff4-f230-448f-9078-4599da2911d5}",
                    "value": "Host"
                }
            ]
        },
        {
            "properties": {
                "__categories": [
                ],
                "__groups": [
                ],
                "description": {
                    "enabled": true,
                    "type": "text",
                    "value": "",
                    "visible": true
                },
                "id": {
                    "enabled": true,
                    "type": "uuid",
                    "value": "{720ba263-39a9-4338-8f88-5922217de576}",
                    "visible": true
                },
                "name": {
                    "enabled": true,
                    "type": "text",
                    "value": "StringM",
                    "visible": true
                },
                "path": {
                    "enabled": true,
                    "type": "text",
                    "value": "/",
                    "visible": true
                }
            },
            "values": [
                {
                    "language": "{fcfe3ff4-f230-448f-9078-4599da2911d5}",
                    "value": "M   "
                }
            ]
        },
        {
            "properties": {
                "__categories": [
                ],
                "__groups": [
                ],
                "description": {
                    "enabled": true,
                    "type": "text",
                    "value": "",
                    "visible": true
                },
                "id": {
                    "enabled": true,
                    "type": "uuid",
                    "value": "{744b9f38-8640-40d3-ac50-c550ec747452}",
                    "visible": true
                },
                "name": {
                    "enabled": true,
                    "type": "text",
                    "value": "StringMTX1",
                    "visible": true
                },
                "path": {
                    "enabled": true,
                    "type": "text",
                    "value": "/",
                    "visible": true
                }
            },
            "values": [
                {
                    "language": "{fcfe3ff4-f230-448f-9078-4599da2911d5}",
                    "value": "MTX1"
                }
            ]
        },
        {
            "properties": {
                "__categories": [
                ],
                "__groups": [
                ],
                "description": {
                    "enabled": true,
                    "type": "text",
                    "value": "",
                    "visible": true
                },
                "id": {
                    "enabled": true,
                    "type": "uuid",
                    "value": "{7fb94215-5bea-494a-9e95-ed4e9854b3eb}",
                    "visible": true
                },
                "name": {
                    "enabled": true,
                    "type": "text",
                    "value": "String0",
                    "visible": true
                },
                "path": {
                    "enabled": true,
                    "type": "text",
                    "value": "/",
                    "visible": true
                }
            },
            "values": [
                {
                    "language": "{fcfe3ff4-f230-448f-9078-4599da2911d5}",
                    "value": "0"
                }
            ]
        },
        {
            "properties": {
                "__categories": [
                ],
                "__groups": [
                ],
                "description": {
                    "enabled": true,
                    "type": "text",
                    "value": "",
                    "visible": true
                },
                "id": {
                    "enabled": true,
                    "type": "uuid",
                    "value": "{9b832886-7959-40d6-8994-08e2b321cb2b}",
                    "visible": true
                },
                "name": {
                    "enabled": true,
                    "type": "text",
                    "value": "StringReset",
                    "visible": true
                },
                "path": {
                    "enabled": true,
                    "type": "text",
                    "value": "/",
                    "visible": true
                }
            },
            "values": [
                {
                    "language": "{fcfe3ff4-f230-448f-9078-4599da2911d5}",
                    "value": "RESET"
                }
            ]
        },
        {
            "properties": {
                "__categories": [
                ],
                "__groups": [
                ],
                "description": {
                    "enabled": true,
                    "type": "text",
                    "value": "",
                    "visible": true
                },
                "id": {
                    "enabled": true,
                    "type": "uuid",
                    "value": "{9f6bbf19-4503-44f6-a1ca-4a9209312817}",
                    "visible": true
                },
                "name": {
                    "enabled": true,
                    "type": "text",
                    "value": "StringS",
                    "visible": true
                },
                "path": {
                    "enabled": true,
                    "type": "text",
                    "value": "/",
                    "visible": true
                }
            },
            "values": [
                {
                    "language": "{fcfe3ff4-f230-448f-9078-4599da2911d5}",
                    "value": "   S"
                }
            ]
        },
        {
            "properties": {
                "__categories": [
                ],
                "__groups": [
                ],
                "description": {
                    "enabled": true,
                    "type": "text",
                    "value": "",
                    "visible": true
                },
                "id": {
                    "enabled": true,
                    "type": "uuid",
                    "value": "{a3b6ba02-979b-4718-a082-ac6dfa18a1ba}",
                    "visible": true
                },
                "name": {
                    "enabled": true,
                    "type": "text",
                    "value": "Stringn10",
                    "visible": true
                },
                "path": {
                    "enabled": true,
                    "type": "text",
                    "value": "/",
                    "visible": true
                }
            },
            "values": [
                {
                    "language": "{fcfe3ff4-f230-448f-9078-4599da2911d5}",
                    "value": "-10"
                }
            ]
        },
        {
            "properties": {
                "__categories": [
                ],
                "__groups": [
                ],
                "description": {
                    "enabled": true,
                    "type": "text",
                    "value": "",
                    "visible": true
                },
                "id": {
                    "enabled": true,
                    "type": "uuid",
                    "value": "{aa84d0d4-adc5-447c-a7a4-4159491fc879}",
                    "visible": true
                },
                "name": {
                    "enabled": true,
                    "type": "text",
                    "value": "StringSax",
                    "visible": true
                },
                "path": {
                    "enabled": true,
                    "type": "text",
                    "value": "/",
                    "visible": true
                }
            },
            "values": [
                {
                    "language": "{fcfe3ff4-f230-448f-9078-4599da2911d5}",
                    "value": "Sax"
                }
            ]
        },
        {
            "properties": {
                "__categories": [
                ],
                "__groups": [
                ],
                "description": {
                    "enabled": true,
                    "type": "text",
                    "value": "",
                    "visible": true
                },
                "id": {
                    "enabled": true,
                    "type": "uuid",
                    "value": "{ab83bed8-5fa4-415d-8c73-6b6f70f25501}",
                    "visible": true
                },
                "name": {
                    "enabled": true,
                    "type": "text",
                    "value": "StringPCM",
                    "visible": true
                },
                "path": {
                    "enabled": true,
                    "type": "text",
                    "value": "/",
                    "visible": true
                }
            },
            "values": [
                {
                    "language": "{fcfe3ff4-f230-448f-9078-4599da2911d5}",
                    "value": "          PCM"
                }
            ]
        },
        {
            "properties": {
                "__categories": [
                ],
                "__groups": [
                ],
                "description": {
                    "enabled": true,
                    "type": "text",
                    "value": "",
                    "visible": true
                },
                "id": {
                    "enabled": true,
                    "type": "uuid",
                    "value": "{ae9cbbcb-1350-4095-b0ef-907754ea5331}",
                    "visible": true
                },
                "name": {
                    "enabled": true,
                    "type": "text",
                    "value": "StringCh4",
                    "visible": true
                },
                "path": {
                    "enabled": true,
                    "type": "text",
                    "value": "/",
                    "visible": true
                }
            },
            "values": [
                {
                    "language": "{fcfe3ff4-f230-448f-9078-4599da2911d5}",
                    "value": "Ch4"
                }
            ]
        },
        {
            "properties": {
                "__categories": [
                ],
                "__groups": [
                ],
                "description": {
                    "enabled": true,
                    "type": "text",
                    "value": "",
                    "visible": true
                },
                "id": {
                    "enabled": true,
                    "type": "uuid",
                    "value": "{aebd4229-a0e8-48e3-abee-db1bce442198}",
                    "visible": true
                },
                "name": {
                    "enabled": true,
                    "type": "text",
                    "value": "StringLead",
                    "visible": true
                },
                "path": {
                    "enabled": true,
                    "type": "text",
                    "value": "/",
                    "visible": true
                }
            },
            "values": [
                {
                    "language": "{fcfe3ff4-f230-448f-9078-4599da2911d5}",
                    "value": "Lead"
                }
            ]
        },
        {
            "properties": {
                "__categories": [
                ],
                "__groups": [
                ],
                "description": {
                    "enabled": true,
                    "type": "text",
                    "value": "",
                    "visible": true
                },
                "id": {
                    "enabled": true,
                    "type": "uuid",
                    "value": "{be1b51d2-9a69-40d6-a27a-69ec2e89389c}",
                    "visible": true
                },
                "name": {
                    "enabled": true,
                    "type": "text",
                    "value": "StringCh1",
                    "visible": true
                },
                "path": {
                    "enabled": true,
                    "type": "text",
                    "value": "/",
                    "visible": true
                }
            },
            "values": [
                {
                    "language": "{fcfe3ff4-f230-448f-9078-4599da2911d5}",
                    "value": "Ch 1"
                }
            ]
        },
        {
            "properties": {
                "__categories": [
                ],
                "__groups": [
                ],
                "description": {
                    "enabled": true,
                    "type": "text",
                    "value": "",
                    "visible": true
                },
                "id": {
                    "enabled": true,
                    "type": "uuid",
                    "value": "{cc2a0053-5a9b-4bf3-8b9a-8cd19fcff3cf}",
                    "visible": true
                },
                "name": {
                    "enabled": true,
                    "type": "text",
                    "value": "StringMute",
                    "visible": true
                },
                "path": {
                    "enabled": true,
                    "type": "text",
                    "value": "/",
                    "visible": true
                }
            },
            "values": [
                {
                    "language": "{fcfe3ff4-f230-448f-9078-4599da2911d5}",
                    "value": "Mute"
                }
            ]
        },
        {
            "properties": {
                "__categories": [
                ],
                "__groups": [
                ],
                "description": {
                    "enabled": true,
                    "type": "text",
                    "value": "",
                    "visible": true
                },
                "id": {
                    "enabled": true,
                    "type": "uuid",
                    "value": "{cc7f4c4d-11d1-4ae7-8cc0-e0e1ded144cb}",
                    "visible": true
                },
                "name": {
                    "enabled": true,
                    "type": "text",
                    "value": "StringRun",
                    "visible": true
                },
                "path": {
                    "enabled": true,
                    "type": "text",
                    "value": "/",
                    "visible": true
                }
            },
            "values": [
                {
                    "language": "{fcfe3ff4-f230-448f-9078-4599da2911d5}",
                    "value": "Run"
                }
            ]
        },
        {
            "properties": {
                "__categories": [
                ],
                "__groups": [
                ],
                "description": {
                    "enabled": true,
                    "type": "text",
                    "value": "",
                    "visible": true
                },
                "id": {
                    "enabled": true,
                    "type": "uuid",
                    "value": "{cdc81be7-57a0-4d32-9c92-0aaab4897613}",
                    "visible": true
                },
                "name": {
                    "enabled": true,
                    "type": "text",
                    "value": "String10",
                    "visible": true
                },
                "path": {
                    "enabled": true,
                    "type": "text",
                    "value": "/",
                    "visible": true
                }
            },
            "values": [
                {
                    "language": "{fcfe3ff4-f230-448f-9078-4599da2911d5}",
                    "value": "10"
                }
            ]
        },
        {
            "properties": {
                "__categories": [
                ],
                "__groups": [
                ],
                "description": {
                    "enabled": true,
                    "type": "text",
                    "value": "",
                    "visible": true
                },
                "id": {
                    "enabled": true,
                    "type": "uuid",
                    "value": "{eb3c5329-6c3f-4796-b04e-d3dac6de798d}",
                    "visible": true
                },
                "name": {
                    "enabled": true,
                    "type": "text",
                    "value": "StringCh2",
                    "visible": true
                },
                "path": {
                    "enabled": true,
                    "type": "text",
                    "value": "/",
                    "visible": true
                }
            },
            "values": [
                {
                    "language": "{fcfe3ff4-f230-448f-9078-4599da2911d5}",
                    "value": "Ch 2"
                }
            ]
        },
        {
            "properties": {
                "__categories": [
                ],
                "__groups": [
                ],
                "description": {
                    "enabled": true,
                    "type": "text",
                    "value": "",
                    "visible": true
                },
                "id": {
                    "enabled": true,
                    "type": "uuid",
                    "value": "{f3463509-29ab-4a20-801d-6b379b5d7a19}",
                    "visible": true
                },
                "name": {
                    "enabled": true,
                    "type": "text",
                    "value": "StringR",
                    "visible": true
                },
                "path": {
                    "enabled": true,
                    "type": "text",
                    "value": "/",
                    "visible": true
                }
            },
            "values": [
                {
                    "language": "{fcfe3ff4-f230-448f-9078-4599da2911d5}",
                    "value": "R"
                }
            ]
        },
        {
            "properties": {
                "__categories": [
                ],
                "__groups": [
                ],
                "description": {
                    "enabled": true,
                    "type": "text",
                    "value": "",
                    "visible": true
                },
                "id": {
                    "enabled": true,
                    "type": "uuid",
                    "value": "{fbe03129-4f21-4e73-a82e-94011e178eb0}",
                    "visible": true
                },
                "name": {
                    "enabled": true,
                    "type": "text",
                    "value": "StringCue",
                    "visible": true
                },
                "path": {
                    "enabled": true,
                    "type": "text",
                    "value": "/",
                    "visible": true
                }
            },
            "values": [
                {
                    "language": "{fcfe3ff4-f230-448f-9078-4599da2911d5}",
                    "value": "Cue"
                }
            ]
        },
        {
            "properties": {
                "__categories": [
                ],
                "__groups": [
                ],
                "description": {
                    "enabled": true,
                    "type": "text",
                    "value": "",
                    "visible": true
                },
                "id": {
                    "enabled": true,
                    "type": "uuid",
                    "value": "{fe07c7e6-deca-4193-8403-840184a9a895}",
                    "visible": true
                },
                "name": {
                    "enabled": true,
                    "type": "text",
                    "value": "StringCh3",
                    "visible": true
                },
                "path": {
                    "enabled": true,
                    "type": "text",
                    "value": "/",
                    "visible": true
                }
            },
            "values": [
                {
                    "language": "{fcfe3ff4-f230-448f-9078-4599da2911d5}",
                    "value": "Ch 3"
                }
            ]
        }
    ]
}
