{
    "images": [
        {
            "id": "{66479070-bd1d-4cb2-9a7c-08d6115df952}",
            "name": "BeamBlue",
            "type": "RGB"
        },
        {
            "id": "{ef16127c-2115-43da-9c94-2c33f80f7836}",
            "name": "BeamRed",
            "type": "RGB"
        },
        {
            "id": "{41364779-866d-44fc-a51d-42e57b9a4f57}",
            "name": "BeamWhite",
            "type": "RGB"
        },
        {
            "id": "{2e75ed95-fe30-47cd-ac45-76c8682e0f05}",
            "name": "Btn1",
            "type": "RGB"
        },
        {
            "id": "{66eb5162-11e3-476e-90cd-802c9d9d22a6}",
            "name": "Btn1P",
            "type": "RGB"
        },
        {
            "id": "{d6537dbe-647e-48f2-b671-33289199e6ab}",
            "name": "Btn2",
            "type": "RGB"
        },
        {
            "id": "{a0c8ea66-76c1-4769-82c0-db528129f7fc}",
            "name": "Btn2P",
            "type": "RGB"
        },
        {
            "id": "{2cfc0b9b-0c9a-40a8-9e34-b3205a2e3f5f}",
            "name": "Btn3",
            "type": "RGB"
        },
        {
            "id": "{0f866898-3a60-4cf2-837f-93373321b520}",
            "name": "Btn3P",
            "type": "RGB"
        },
        {
            "id": "{8958f13a-3f70-4108-9f2f-ad80022099d8}",
            "name": "Btn4",
            "type": "RGB"
        },
        {
            "id": "{e462685c-e47d-4f18-aae1-7db2bf0c919a}",
            "name": "Btn4P",
            "type": "RGB"
        },
        {
            "id": "{ade270da-5795-4063-8939-aa724740c1ee}",
            "name": "BtnDown",
            "type": "RGB"
        },
        {
            "id": "{14eafb9e-3482-4422-96ed-e770d6855155}",
            "name": "BtnDownP",
            "type": "RGB"
        },
        {
            "id": "{7e81fef6-dae3-4c67-b52b-5f67e0e51e66}",
            "name": "BtnUp",
            "type": "RGB"
        },
        {
            "id": "{be9f18cf-ce12-414c-869d-e705c1ede4ac}",
            "name": "BtnUpP",
            "type": "RGB"
        },
        {
            "id": "{bb515eb0-516b-4217-976c-b6fef761c3bd}",
            "name": "Eq",
            "type": "RGB"
        },
        {
            "id": "{bdb03678-c2f4-404f-b1c8-d7e019c7d6bd}",
            "name": "Knob",
            "type": "RGB"
        },
        {
            "id": "{070730fb-c082-48d6-aabb-0614a5f5c412}",
            "name": "Wave",
            "type": "RGB"
        },
        {
            "id": "{590d4970-e0a8-4212-b1ef-67379c54a890}",
            "name": "Btn5",
            "type": "RGB"
        },
        {
            "id": "{abd41495-8955-49b8-a611-6c341e8a1751}",
            "name": "Btn5P",
            "type": "RGB"
        },
        {
            "id": "{31ef76d8-4147-4d51-9a98-c595a78c82c8}",
            "name": "Mchp_0",
            "type": "RGB"
        }
    ],
    "paths": [
    ]
}
