{
    "fonts": [
        {
            "id": "{92d7f37e-6fcd-46b8-9352-53fab258bc5d}",
            "name": "Figtree_40"
        },
        {
            "id": "{44e27c49-a0ab-4cb1-b21d-a234d4cdb310}",
            "name": "Figtree_18"
        },
        {
            "id": "{f53678a6-b3a8-42ad-aa6d-e3a03a9c4f50}",
            "name": "Figtree_12"
        },
        {
            "id": "{547574eb-f240-415a-ba44-2befc8bc204a}",
            "name": "Figtree_14"
        },
        {
            "id": "{8e5c25d9-9efb-4f31-ae88-31733f49b47c}",
            "name": "Figtree_32"
        },
        {
            "id": "{21f07d3e-c29c-44d6-b966-9d1a40af54e5}",
            "name": "notoSansBold_120"
        },
        {
            "id": "{904569ce-f2a3-4627-8564-6493ba6b1538}",
            "name": "notoSansBold_14"
        },
        {
            "id": "{1104e373-34a1-4764-8ea2-d517246c4851}",
            "name": "notoSansBold_25"
        }
    ],
    "paths": [
    ]
}
