{
    "__categories": [
        {
            "expanded": true,
            "id": "raw",
            "visible": true
        }
    ],
    "__groups": [
    ],
    "bitsPerPixel": {
        "enabled": false,
        "type": "integer",
        "value": 16,
        "visible": true
    },
    "colorCount": {
        "enabled": false,
        "type": "integer",
        "value": 360,
        "visible": true
    },
    "colorMaskMode": {
        "enabled": true,
        "type": "combo",
        "value": 0,
        "visible": false
    },
    "colorMode": {
        "enabled": true,
        "type": "combo",
        "value": 3,
        "visible": true
    },
    "maskColor": {
        "enabled": true,
        "image": "{98332278-351f-4d76-9de5-857f9592f7b2}",
        "type": "imagecolor",
        "value": 0,
        "visible": false
    },
    "outputSize": {
        "enabled": false,
        "type": "integer",
        "value": 11920,
        "visible": true
    },
    "renderMode": {
        "enabled": true,
        "type": "combo",
        "value": 1,
        "visible": true
    },
    "useRLE": {
        "enabled": true,
        "type": "boolean",
        "value": false,
        "visible": false
    }
}
