{
    "fonts": [
        {
            "id": "{63be521d-ebf2-4849-bca2-8fdc0b708887}",
            "name": "Inter12"
        },
        {
            "id": "{c0da62de-a5e0-466b-b1a6-961eea8244cc}",
            "name": "InterBlack"
        },
        {
            "id": "{40a2b6be-e833-46d9-a4f5-f150afd8c481}",
            "name": "InterBlack15"
        },
        {
            "id": "{dcace5a2-f4fe-478b-b99d-593cdfb03631}",
            "name": "InterBold14"
        },
        {
            "id": "{343a033b-8486-45b1-9fad-04535666db42}",
            "name": "InterLight15"
        },
        {
            "id": "{90b62434-6d3f-47c4-a46d-a69ba700e4e3}",
            "name": "InterBlock25"
        },
        {
            "id": "{aaf81bac-2648-4be4-a074-214640e7d9a6}",
            "name": "InterBlack32"
        }
    ],
    "paths": [
    ]
}
