{
    "images": [
        {
            "id": "{f5f3b836-bb39-43de-87af-c806081c8bb8}",
            "name": "MicrochipLogo",
            "type": "RGB"
        },
        {
            "id": "{25334f35-81d2-4817-b211-89fb3d011c37}",
            "name": "progressBarBase",
            "type": "RGB"
        },
        {
            "id": "{46a75768-45ee-494b-bc5c-5afa12ea3cbb}",
            "name": "blindsBttnOff",
            "type": "RGB"
        },
        {
            "id": "{966b29c6-e9f3-43cc-b322-23fc6e063684}",
            "name": "blindsBttnOn",
            "type": "RGB"
        },
        {
            "id": "{e41fcc30-e07b-4d1f-a7e6-2b7dfff8ab34}",
            "name": "fanBttnOff",
            "type": "RGB"
        },
        {
            "id": "{b536608b-ae6b-480f-a427-851b09be681e}",
            "name": "fanBttnOn",
            "type": "RGB"
        },
        {
            "id": "{ad2dcdea-e36b-45b5-a1f8-ed6b85187f8c}",
            "name": "lampBttnOff",
            "type": "RGB"
        },
        {
            "id": "{27d19962-3fa3-4ae4-8ca9-f4e174db4c9e}",
            "name": "lampBttnOn",
            "type": "RGB"
        },
        {
            "id": "{86fea697-0a90-491c-8c83-760f07f4af37}",
            "name": "navBar",
            "type": "RGB"
        },
        {
            "id": "{306ecc92-197c-4020-a4c2-d51eaad1b996}",
            "name": "StatusBar",
            "type": "RGB"
        },
        {
            "id": "{5be9eb5a-f9cc-4d90-a3da-81a5cb015589}",
            "name": "StatusBarActive",
            "type": "RGB"
        },
        {
            "id": "{39ea5fda-4d07-4479-8652-2477ffb36481}",
            "name": "tvBttnOff",
            "type": "RGB"
        },
        {
            "id": "{e7bf3fc8-20c0-4a9f-829d-8279708aa54f}",
            "name": "tvBttnOn",
            "type": "RGB"
        },
        {
            "id": "{13dcf0b2-143e-45eb-8b17-08bc9b7e0ce4}",
            "name": "Sunny",
            "type": "RGB"
        },
        {
            "id": "{7feeac12-7a83-47a9-9994-b5debd6837ba}",
            "name": "ChevronDown",
            "type": "RGB"
        },
        {
            "id": "{b907e2f7-f340-4cea-91dd-7f026fe39be2}",
            "name": "ThermostatCard",
            "type": "RGB"
        },
        {
            "id": "{2d07358e-2808-4cf8-b512-4c12b050eb40}",
            "name": "hotThermostat",
            "type": "RGB"
        },
        {
            "id": "{d2b67d0a-de2d-4929-83bd-0a32ddeda3a0}",
            "name": "ModeDropdown",
            "type": "RGB"
        },
        {
            "id": "{3202bab0-1506-4372-a2d4-63554b91a65e}",
            "name": "figmaImg_Mode_Fan",
            "type": "RGB"
        },
        {
            "id": "{35265a69-4ed1-4858-b219-ed1718bfe04d}",
            "name": "figmaImg_Chevron_Down",
            "type": "RGB"
        },
        {
            "id": "{81f29cd1-94be-4e21-9b01-da62445e61c0}",
            "name": "figmaImg_Chevron_Up",
            "type": "RGB"
        },
        {
            "id": "{e90d3cae-86b4-4703-ae9e-5e891981f31a}",
            "name": "coolThermostat",
            "type": "RGB"
        },
        {
            "id": "{2ba0716b-7ab4-49ea-9143-8e7015f053bb}",
            "name": "robVacuumOff",
            "type": "RGB"
        },
        {
            "id": "{89559a14-08d9-4c14-8e66-60953d73a28d}",
            "name": "navBubble",
            "type": "RGB"
        },
        {
            "id": "{b1fb69d7-99ae-4389-a29c-3ba47b5f1c77}",
            "name": "ButtonAddDevice",
            "type": "RGB"
        },
        {
            "id": "{95c5f0df-42de-469b-b260-2fb21255ad7d}",
            "name": "doorBttnClosed",
            "type": "RGB"
        },
        {
            "id": "{3a75665a-e056-48a2-81fa-1bef10d86ffc}",
            "name": "windowBttonClosed",
            "type": "RGB"
        },
        {
            "id": "{62a5b207-7886-48c6-ada8-0b8ef75fb00c}",
            "name": "windowBttonOpen",
            "type": "RGB"
        },
        {
            "id": "{68936007-8a53-4cca-9e59-1b82c88b0375}",
            "name": "garageBttnClosed",
            "type": "RGB"
        },
        {
            "id": "{0981b952-3afb-4e87-af02-78d2db216dd2}",
            "name": "DevicesSensors_Card",
            "type": "RGB"
        },
        {
            "id": "{3696c8c1-6a8a-4630-8571-9eb3c3a99e36}",
            "name": "Devices_Card",
            "type": "RGB"
        },
        {
            "id": "{efb08218-7faf-4ee9-bd1d-0be029238c38}",
            "name": "sensorsCard",
            "type": "RGB"
        },
        {
            "id": "{f78ede5c-9ae6-4c42-8f9b-199aba8efdac}",
            "name": "SecurityCard",
            "type": "RGB"
        }
    ],
    "paths": [
    ]
}
