{
    "images": [
        {
            "id": "{61b16bc9-cbc7-423f-ba3b-df7cdec37410}",
            "name": "bolt",
            "type": "RGB"
        },
        {
            "id": "{4207371f-77c5-4063-9a41-3581784d187c}",
            "name": "ButtonOutline",
            "type": "RGB"
        },
        {
            "id": "{4aea7d07-2f15-4b6a-b440-3b7107b92729}",
            "name": "ChargingIcon",
            "type": "RGB"
        },
        {
            "id": "{fe012246-5bfc-41d1-a35d-b30181a884fd}",
            "name": "CreditCard",
            "type": "RGB"
        },
        {
            "id": "{38adbbd2-d129-4026-9cc6-94fc6355cf3f}",
            "name": "finance",
            "type": "RGB"
        },
        {
            "id": "{4ef6baba-44ac-44de-a67f-69470b3127e1}",
            "name": "GraphViewButton",
            "type": "RGB"
        },
        {
            "id": "{f2fa7410-fa02-438c-a0b4-08f618fe1249}",
            "name": "Group",
            "type": "RGB"
        },
        {
            "id": "{1ca2550c-1e8c-4006-97ac-e105b29aebc1}",
            "name": "MetricViewButton",
            "type": "RGB"
        },
        {
            "id": "{a6c93663-856a-4e45-86d4-026ec09c7e4c}",
            "name": "MGS_Logo",
            "type": "RGB"
        },
        {
            "id": "{d05f033a-c34a-43e0-8be0-be1afb63d02c}",
            "name": "NotConnectedIcon",
            "type": "RGB"
        },
        {
            "id": "{dec83544-e724-4c17-8030-198a0dbefe5b}",
            "name": "power_off",
            "type": "RGB"
        },
        {
            "id": "{14a7cc17-56d1-48e1-91a9-8c5fac6a54e9}",
            "name": "QRCode",
            "type": "RGB"
        },
        {
            "id": "{2f4c9814-fab9-4fb0-9cc4-8257189a18e7}",
            "name": "RFID",
            "type": "RGB"
        },
        {
            "id": "{0907a6ee-8066-439a-99ee-ce4eb0661e52}",
            "name": "CarImage",
            "type": "RGB"
        },
        {
            "id": "{638656a8-03fa-4c3c-b128-ae4c79494a42}",
            "name": "BattEmpty",
            "type": "RGB"
        },
        {
            "id": "{914af0e3-3570-4a10-af86-fc40a6b19a40}",
            "name": "BattFull",
            "type": "RGB"
        },
        {
            "id": "{f20f8066-402f-47fc-bce4-ef179874c28c}",
            "name": "MGSLogoBig",
            "type": "RGB"
        },
        {
            "id": "{1faf87e1-26cb-417d-8fd1-3fa0c8aedc9b}",
            "name": "Image0",
            "type": "RGB"
        }
    ],
    "paths": [
    ]
}
