{
    "images": [
        {
            "id": "{195ac352-c88d-4d17-92aa-c15b0db40e27}",
            "name": "Button2Down",
            "type": "RGB"
        },
        {
            "id": "{00ddbedd-a3b4-400a-acb5-e0c8b5b67a25}",
            "name": "Button2Up",
            "type": "RGB"
        },
        {
            "id": "{6960902f-b7a0-4f89-be50-c02249e142d9}",
            "name": "Button3Down",
            "type": "RGB"
        },
        {
            "id": "{e4eae0ad-684b-4a6a-b41c-f759f4330fc2}",
            "name": "Button3Up",
            "type": "RGB"
        },
        {
            "id": "{76e820bf-039f-4545-b5f0-f77ca019ed0c}",
            "name": "RLSliderKnob",
            "type": "RGB"
        },
        {
            "id": "{64e7b51e-b851-4ab7-aa0a-f1153bd68f93}",
            "name": "SliderKnob",
            "type": "RGB"
        },
        {
            "id": "{0a4be997-1e33-4797-960b-98864f513cbc}",
            "name": "Small2ButtonDown",
            "type": "RGB"
        },
        {
            "id": "{34ec3670-8268-4012-9e70-8e8f64d1cf47}",
            "name": "Small2ButtonUp",
            "type": "RGB"
        },
        {
            "id": "{a411d780-93d4-4432-bf8d-76b7b90dda38}",
            "name": "SmallButtonDown",
            "type": "RGB"
        },
        {
            "id": "{e773dd88-4e1c-4ed4-9d7f-127743d0c402}",
            "name": "SmallButtonUp",
            "type": "RGB"
        },
        {
            "id": "{22965b41-1188-44de-be27-e4cf8ed796a7}",
            "name": "Button1Down",
            "type": "RGB"
        },
        {
            "id": "{5d863477-5ec1-4241-871d-ee98e0bce901}",
            "name": "Button1Up",
            "type": "RGB"
        },
        {
            "id": "{a5e0957d-71a4-4e7b-b0a7-c5732e73646d}",
            "name": "graphic_eq",
            "type": "RGB"
        },
        {
            "id": "{d2169a6c-da2d-40eb-b5da-fd5749556609}",
            "name": "ButtonsAccs",
            "type": "RGB"
        }
    ],
    "paths": [
    ]
}
