{
    "__categories": [
        {
            "expanded": true,
            "id": "raw",
            "visible": true
        }
    ],
    "__groups": [
    ],
    "bitsPerPixel": {
        "enabled": false,
        "type": "integer",
        "value": 16,
        "visible": true
    },
    "colorCount": {
        "enabled": false,
        "type": "integer",
        "value": 46,
        "visible": true
    },
    "colorMaskMode": {
        "enabled": true,
        "type": "combo",
        "value": 0,
        "visible": false
    },
    "colorMode": {
        "enabled": true,
        "type": "combo",
        "value": 3,
        "visible": true
    },
    "maskColor": {
        "enabled": true,
        "image": "{491e99a8-9725-4ee3-8210-18e653384abe}",
        "type": "imagecolor",
        "value": 0,
        "visible": false
    },
    "outputSize": {
        "enabled": false,
        "type": "integer",
        "value": 266350,
        "visible": true
    },
    "renderMode": {
        "enabled": true,
        "type": "combo",
        "value": 1,
        "visible": true
    },
    "useRLE": {
        "enabled": true,
        "type": "boolean",
        "value": false,
        "visible": false
    }
}
