{
    "ASSERT_ENABLE": {
        "enabled": true,
        "type": "boolean",
        "value": false,
        "visible": true
    },
    "CANVAS_HEIGHT": {
        "enabled": true,
        "type": "integer",
        "value": 400,
        "visible": true
    },
    "CANVAS_WIDTH": {
        "enabled": true,
        "type": "integer",
        "value": 400,
        "visible": true
    },
    "CLIP_TOGGLED": {
        "enabled": true,
        "type": "boolean",
        "value": true,
        "visible": true
    },
    "DRIVER_CONTROLS_LAYERS": {
        "enabled": true,
        "type": "boolean",
        "value": true,
        "visible": true
    },
    "ENABLE_ALLOC_TRACKING": {
        "enabled": true,
        "type": "boolean",
        "value": false,
        "visible": true
    },
    "ENABLE_ALLOC_ZEROIZE": {
        "enabled": true,
        "type": "boolean",
        "value": false,
        "visible": true
    },
    "ENABLE_ALPHA_BLENDING": {
        "enabled": true,
        "type": "boolean",
        "value": true,
        "visible": true
    },
    "ENABLE_ARC_WIDGET": {
        "enabled": true,
        "type": "boolean",
        "value": true,
        "visible": true
    },
    "ENABLE_AUTO_WIDGET_SELECTION": {
        "enabled": true,
        "type": "boolean",
        "value": true,
        "visible": true
    },
    "ENABLE_BARGRAPH_WIDGET": {
        "enabled": true,
        "type": "boolean",
        "value": true,
        "visible": true
    },
    "ENABLE_BUTTON_WIDGET": {
        "enabled": true,
        "type": "boolean",
        "value": true,
        "visible": true
    },
    "ENABLE_CHECKBOX_WIDGET": {
        "enabled": true,
        "type": "boolean",
        "value": true,
        "visible": true
    },
    "ENABLE_CIRCLE_WIDGET": {
        "enabled": true,
        "type": "boolean",
        "value": true,
        "visible": true
    },
    "ENABLE_CIRCULARGAUGE_WIDGET": {
        "enabled": true,
        "type": "boolean",
        "value": true,
        "visible": true
    },
    "ENABLE_CIRCULARSLIDER_WIDGET": {
        "enabled": true,
        "type": "boolean",
        "value": true,
        "visible": true
    },
    "ENABLE_DEBUG_ALLOCATOR": {
        "enabled": true,
        "type": "boolean",
        "value": false,
        "visible": true
    },
    "ENABLE_DRAWSURFACE_WIDGET": {
        "enabled": true,
        "type": "boolean",
        "value": true,
        "visible": true
    },
    "ENABLE_EXTERNAL_MEDIA": {
        "enabled": true,
        "type": "boolean",
        "value": false,
        "visible": true
    },
    "ENABLE_FIXED_HEAP": {
        "enabled": true,
        "type": "boolean",
        "value": true,
        "visible": true
    },
    "ENABLE_GRADIENT_WIDGET": {
        "enabled": true,
        "type": "boolean",
        "value": true,
        "visible": true
    },
    "ENABLE_GROUPBOX_WIDGET": {
        "enabled": true,
        "type": "boolean",
        "value": true,
        "visible": true
    },
    "ENABLE_IMAGEROTATE_WIDGET": {
        "enabled": true,
        "type": "boolean",
        "value": true,
        "visible": true
    },
    "ENABLE_IMAGESCALE_WIDGET": {
        "enabled": true,
        "type": "boolean",
        "value": true,
        "visible": true
    },
    "ENABLE_IMAGESEQUENCE_WIDGET": {
        "enabled": true,
        "type": "boolean",
        "value": true,
        "visible": true
    },
    "ENABLE_IMAGE_WIDGET": {
        "enabled": true,
        "type": "boolean",
        "value": true,
        "visible": true
    },
    "ENABLE_INPUT_CODE_GENERATION": {
        "enabled": true,
        "type": "boolean",
        "value": true,
        "visible": true
    },
    "ENABLE_JPEG": {
        "enabled": true,
        "type": "boolean",
        "value": true,
        "visible": true
    },
    "ENABLE_KEYPAD_WIDGET": {
        "enabled": true,
        "type": "boolean",
        "value": true,
        "visible": true
    },
    "ENABLE_LABEL_WIDGET": {
        "enabled": true,
        "type": "boolean",
        "value": true,
        "visible": true
    },
    "ENABLE_LINEGRAPH_WIDGET": {
        "enabled": true,
        "type": "boolean",
        "value": true,
        "visible": true
    },
    "ENABLE_LINE_WIDGET": {
        "enabled": true,
        "type": "boolean",
        "value": true,
        "visible": true
    },
    "ENABLE_LISTWHEEL_WIDGET": {
        "enabled": true,
        "type": "boolean",
        "value": true,
        "visible": true
    },
    "ENABLE_LIST_WIDGET": {
        "enabled": true,
        "type": "boolean",
        "value": true,
        "visible": true
    },
    "ENABLE_MEMORY_MANAGER": {
        "enabled": true,
        "type": "boolean",
        "value": true,
        "visible": true
    },
    "ENABLE_MONO": {
        "enabled": true,
        "type": "boolean",
        "value": true,
        "visible": true
    },
    "ENABLE_PIECHART_WIDGET": {
        "enabled": true,
        "type": "boolean",
        "value": true,
        "visible": true
    },
    "ENABLE_PNG": {
        "enabled": true,
        "type": "boolean",
        "value": true,
        "visible": true
    },
    "ENABLE_PROGRESSBAR_WIDGET": {
        "enabled": true,
        "type": "boolean",
        "value": true,
        "visible": true
    },
    "ENABLE_RADIALMENU_WIDGET": {
        "enabled": true,
        "type": "boolean",
        "value": true,
        "visible": true
    },
    "ENABLE_RADIOBUTTON_WIDGET": {
        "enabled": true,
        "type": "boolean",
        "value": true,
        "visible": true
    },
    "ENABLE_RAW": {
        "enabled": true,
        "type": "boolean",
        "value": true,
        "visible": true
    },
    "ENABLE_RECTANGLE_WIDGET": {
        "enabled": true,
        "type": "boolean",
        "value": true,
        "visible": true
    },
    "ENABLE_SCROLLBAR_WIDGET": {
        "enabled": true,
        "type": "boolean",
        "value": true,
        "visible": true
    },
    "ENABLE_SLIDER_WIDGET": {
        "enabled": true,
        "type": "boolean",
        "value": true,
        "visible": true
    },
    "ENABLE_TEXTFIELD_WIDGET": {
        "enabled": true,
        "type": "boolean",
        "value": true,
        "visible": true
    },
    "ENABLE_TOUCHTEST_WIDGET": {
        "enabled": true,
        "type": "boolean",
        "value": true,
        "visible": true
    },
    "ENABLE_WINDOW_WIDGET": {
        "enabled": true,
        "type": "boolean",
        "value": true,
        "visible": true
    },
    "FIXED_HEAP_ENABLE_DEBUG": {
        "enabled": true,
        "type": "boolean",
        "value": false,
        "visible": true
    },
    "FIXED_HEAP_SIZE_128": {
        "enabled": true,
        "type": "integer",
        "value": 32,
        "visible": true
    },
    "FIXED_HEAP_SIZE_16": {
        "enabled": true,
        "type": "integer",
        "value": 300,
        "visible": true
    },
    "FIXED_HEAP_SIZE_196": {
        "enabled": true,
        "type": "integer",
        "value": 48,
        "visible": true
    },
    "FIXED_HEAP_SIZE_256": {
        "enabled": true,
        "type": "integer",
        "value": 24,
        "visible": true
    },
    "FIXED_HEAP_SIZE_32": {
        "enabled": true,
        "type": "integer",
        "value": 96,
        "visible": true
    },
    "FIXED_HEAP_SIZE_64": {
        "enabled": true,
        "type": "integer",
        "value": 96,
        "visible": true
    },
    "FONT_CACHE_SIZE": {
        "enabled": true,
        "type": "integer",
        "value": 1024,
        "visible": true
    },
    "GENERATE_ASSETS": {
        "enabled": true,
        "type": "boolean",
        "value": true,
        "visible": true
    },
    "GENERATE_BIGENDIANIMAGES": {
        "enabled": true,
        "type": "boolean",
        "value": false,
        "visible": true
    },
    "GENERATE_DELTATIME": {
        "enabled": true,
        "type": "boolean",
        "value": false,
        "visible": true
    },
    "GENERATE_HARMONYINTF": {
        "enabled": true,
        "type": "boolean",
        "value": false,
        "visible": true
    },
    "GENERATE_INPUTSSCODE": {
        "enabled": true,
        "type": "boolean",
        "value": true,
        "visible": true
    },
    "GENERATE_MODE": {
        "enabled": true,
        "type": "boolean",
        "value": false,
        "visible": true
    },
    "GENERATE_NAME": {
        "enabled": true,
        "type": "text",
        "value": "legato",
        "visible": true
    },
    "GENERATE_PATH": {
        "enabled": true,
        "type": "text",
        "value": "/home/ed-gallofin/Projects/mgs/sdk/mgs_xp_linux/apps/pm5/gfx",
        "visible": true
    },
    "GENERATE_SCREENS": {
        "enabled": true,
        "type": "boolean",
        "value": true,
        "visible": true
    },
    "GENERATE_SCREENSTATEMACHINE": {
        "enabled": true,
        "type": "boolean",
        "value": true,
        "visible": true
    },
    "GENERATE_SINGLEFONTFILE": {
        "enabled": true,
        "type": "boolean",
        "value": true,
        "visible": true
    },
    "GENERATE_SINGLEIMAGEFILE": {
        "enabled": true,
        "type": "boolean",
        "value": true,
        "visible": true
    },
    "GENERATE_USE_AUTOMATIC_NAME": {
        "enabled": true,
        "type": "boolean",
        "value": true,
        "visible": true
    },
    "GRID_TOGGLED": {
        "enabled": true,
        "type": "boolean",
        "value": true,
        "visible": true
    },
    "GRID_X": {
        "enabled": true,
        "type": "integer",
        "value": 10,
        "visible": true
    },
    "GRID_Y": {
        "enabled": true,
        "type": "integer",
        "value": 10,
        "visible": true
    },
    "IMAGE_BLEND_CACHE_SIZE": {
        "enabled": true,
        "type": "integer",
        "value": 128,
        "visible": true
    },
    "IMAGE_DECODE_CACHE_SIZE": {
        "enabled": true,
        "type": "integer",
        "value": 128,
        "visible": true
    },
    "IMAGE_LOOKUP_CACHE_SIZE": {
        "enabled": true,
        "type": "integer",
        "value": 128,
        "visible": true
    },
    "IMAGE_MASK_CACHE_SIZE": {
        "enabled": true,
        "type": "integer",
        "value": 128,
        "visible": true
    },
    "INCLUDE_1BPP_FONT": {
        "enabled": true,
        "type": "boolean",
        "value": false,
        "visible": true
    },
    "INCLUDE_8BPP_FONT": {
        "enabled": true,
        "type": "boolean",
        "value": false,
        "visible": true
    },
    "INPUT_ORIENTATION": {
        "enabled": true,
        "type": "integer",
        "value": 0,
        "visible": true
    },
    "JPEG_DECODE_CACHE_SIZE": {
        "enabled": true,
        "type": "integer",
        "value": 2048,
        "visible": true
    },
    "MEMORY_COHERENT": {
        "enabled": true,
        "type": "boolean",
        "value": true,
        "visible": true
    },
    "MONOCHROME_COLOR_OFF": {
        "enabled": true,
        "type": "integer",
        "value": 0,
        "visible": true
    },
    "MONOCHROME_COLOR_ON": {
        "enabled": true,
        "type": "integer",
        "value": 16777215,
        "visible": true
    },
    "PNG_SCRATCH_ADDRESS": {
        "enabled": true,
        "type": "integer",
        "value": 0,
        "visible": true
    },
    "PNG_USE_SCRATCH": {
        "enabled": true,
        "type": "boolean",
        "value": false,
        "visible": true
    },
    "PREEMPTION_LEVEL": {
        "enabled": true,
        "type": "integer",
        "value": 0,
        "visible": true
    },
    "PREVIEW_LANGUAGE": {
        "enabled": true,
        "type": "text",
        "value": "{d2de4214-572a-4e7d-ac63-6734e884dc0e}",
        "visible": true
    },
    "PROJECT_COLOR_MODE": {
        "enabled": true,
        "type": "integer",
        "value": 6,
        "visible": true
    },
    "RENDER_ORIENTATION": {
        "enabled": true,
        "type": "integer",
        "value": 0,
        "visible": true
    },
    "SCRATCH_BIG_ENDIAN": {
        "enabled": true,
        "type": "boolean",
        "value": false,
        "visible": true
    },
    "SCRATCH_BUFFER_COUNT": {
        "enabled": true,
        "type": "integer",
        "value": 1,
        "visible": true
    },
    "SCRATCH_BUFFER_PADDING": {
        "enabled": true,
        "type": "boolean",
        "value": false,
        "visible": true
    },
    "SCRATCH_BUFFER_SIZE": {
        "enabled": true,
        "type": "integer",
        "value": 1536,
        "visible": true
    },
    "SCREEN_DESIGNER_HEIGHT_PADDING": {
        "enabled": true,
        "type": "integer",
        "value": 100,
        "visible": true
    },
    "SCREEN_DESIGNER_WIDTH_PADDING": {
        "enabled": true,
        "type": "integer",
        "value": 100,
        "visible": true
    },
    "SCREEN_HEIGHT": {
        "enabled": true,
        "type": "integer",
        "value": 480,
        "visible": true
    },
    "SCREEN_WIDTH": {
        "enabled": true,
        "type": "integer",
        "value": 800,
        "visible": true
    },
    "SNAP_TOGGLED": {
        "enabled": true,
        "type": "boolean",
        "value": false,
        "visible": true
    },
    "VARIABLE_HEAP_DEBUG_LEVEL": {
        "enabled": true,
        "type": "integer",
        "value": 0,
        "visible": true
    },
    "VARIABLE_HEAP_SIZE": {
        "enabled": true,
        "type": "integer",
        "value": 1536000,
        "visible": true
    },
    "VARIABLE_HEAP_USE_BEST_FIT": {
        "enabled": true,
        "type": "boolean",
        "value": true,
        "visible": true
    },
    "ZOOM_LEVEL": {
        "enabled": true,
        "type": "integer",
        "value": 1,
        "visible": true
    },
    "__categories": [
    ],
    "__groups": [
    ]
}
