{
    "bindings": [
        {
            "font": "{37f841c8-26c0-43cb-a829-c9a0b62c8041}",
            "language": "{d2de4214-572a-4e7d-ac63-6734e884dc0e}",
            "string": "{05e7c834-0387-471c-b735-85d622a1672d}"
        },
        {
            "font": "{37f841c8-26c0-43cb-a829-c9a0b62c8041}",
            "language": "{d2de4214-572a-4e7d-ac63-6734e884dc0e}",
            "string": "{129e756a-649e-4cd6-a6f7-457a1f82880d}"
        },
        {
            "font": "{37f841c8-26c0-43cb-a829-c9a0b62c8041}",
            "language": "{d2de4214-572a-4e7d-ac63-6734e884dc0e}",
            "string": "{20879d77-b50c-440c-a85d-76605712e080}"
        },
        {
            "font": "{37f841c8-26c0-43cb-a829-c9a0b62c8041}",
            "language": "{d2de4214-572a-4e7d-ac63-6734e884dc0e}",
            "string": "{3fa5f2fd-4549-400b-9e3e-ecbe1f18f48f}"
        },
        {
            "font": "{37f841c8-26c0-43cb-a829-c9a0b62c8041}",
            "language": "{d2de4214-572a-4e7d-ac63-6734e884dc0e}",
            "string": "{471ec1f0-cf98-473f-a9f4-2736a6714b98}"
        },
        {
            "font": "{37f841c8-26c0-43cb-a829-c9a0b62c8041}",
            "language": "{d2de4214-572a-4e7d-ac63-6734e884dc0e}",
            "string": "{56f94488-af1b-4ac1-963d-e69948248d54}"
        },
        {
            "font": "{63d0aaaf-56d2-4faf-8c4c-a5a4cc643f6c}",
            "language": "{d2de4214-572a-4e7d-ac63-6734e884dc0e}",
            "string": "{80c1ca39-e85c-46e5-a365-00bdfa80bdfe}"
        },
        {
            "font": "{fece347e-b1ba-4c3b-906f-19ae6644a37a}",
            "language": "{d2de4214-572a-4e7d-ac63-6734e884dc0e}",
            "string": "{673891e3-e62c-4402-b580-fe7e26a46aa8}"
        },
        {
            "font": "{fece347e-b1ba-4c3b-906f-19ae6644a37a}",
            "language": "{d2de4214-572a-4e7d-ac63-6734e884dc0e}",
            "string": "{699edef8-7559-4543-8db4-c68fbdcf3521}"
        },
        {
            "font": "{37f841c8-26c0-43cb-a829-c9a0b62c8041}",
            "language": "{d2de4214-572a-4e7d-ac63-6734e884dc0e}",
            "string": "{6ed46c8b-dddc-4467-a7aa-aa0ac94f9eb0}"
        },
        {
            "font": "{37f841c8-26c0-43cb-a829-c9a0b62c8041}",
            "language": "{d2de4214-572a-4e7d-ac63-6734e884dc0e}",
            "string": "{89c657a8-b672-430c-ad87-a32fb24f7c23}"
        },
        {
            "font": "{fece347e-b1ba-4c3b-906f-19ae6644a37a}",
            "language": "{d2de4214-572a-4e7d-ac63-6734e884dc0e}",
            "string": "{8d6fe494-5124-41dc-a1f7-db9d6634255a}"
        },
        {
            "font": "{73b1f927-d447-49c9-bc1b-30cd87c22c06}",
            "language": "{d2de4214-572a-4e7d-ac63-6734e884dc0e}",
            "string": "{8e1ed9a2-c3fb-469e-b9d4-9fb38ce3f409}"
        },
        {
            "font": "{fece347e-b1ba-4c3b-906f-19ae6644a37a}",
            "language": "{d2de4214-572a-4e7d-ac63-6734e884dc0e}",
            "string": "{9d5d014a-991c-482e-b7da-e683b9c495d5}"
        },
        {
            "font": "{37f841c8-26c0-43cb-a829-c9a0b62c8041}",
            "language": "{d2de4214-572a-4e7d-ac63-6734e884dc0e}",
            "string": "{b4fd9f2f-e871-4728-a3e3-e015c6b34159}"
        },
        {
            "font": "{37f841c8-26c0-43cb-a829-c9a0b62c8041}",
            "language": "{d2de4214-572a-4e7d-ac63-6734e884dc0e}",
            "string": "{c0167e0b-d0f9-45df-b1a4-50ba468f09e3}"
        },
        {
            "font": "{73b1f927-d447-49c9-bc1b-30cd87c22c06}",
            "language": "{d2de4214-572a-4e7d-ac63-6734e884dc0e}",
            "string": "{c78d42ed-77f1-46cf-b264-46f89ec74a11}"
        },
        {
            "font": "{37f841c8-26c0-43cb-a829-c9a0b62c8041}",
            "language": "{d2de4214-572a-4e7d-ac63-6734e884dc0e}",
            "string": "{c80810e6-a700-48dd-b57e-1f9fa8ef0f52}"
        },
        {
            "font": "{37f841c8-26c0-43cb-a829-c9a0b62c8041}",
            "language": "{d2de4214-572a-4e7d-ac63-6734e884dc0e}",
            "string": "{cae0d705-71c0-4237-943c-44a75be4b802}"
        },
        {
            "font": "{73b1f927-d447-49c9-bc1b-30cd87c22c06}",
            "language": "{d2de4214-572a-4e7d-ac63-6734e884dc0e}",
            "string": "{d0e48c01-0780-4c0b-ab3d-be16573e5ff5}"
        },
        {
            "font": "{37f841c8-26c0-43cb-a829-c9a0b62c8041}",
            "language": "{d2de4214-572a-4e7d-ac63-6734e884dc0e}",
            "string": "{df98d9c8-e79a-4115-bc48-2021cd941ef5}"
        },
        {
            "font": "{fece347e-b1ba-4c3b-906f-19ae6644a37a}",
            "language": "{d2de4214-572a-4e7d-ac63-6734e884dc0e}",
            "string": "{e7e9d48a-85c6-4aff-9ad5-17c089fbb6b5}"
        },
        {
            "font": "{37f841c8-26c0-43cb-a829-c9a0b62c8041}",
            "language": "{d2de4214-572a-4e7d-ac63-6734e884dc0e}",
            "string": "{e87f1cf2-102a-4bcf-abe7-ec2b57f31e0a}"
        },
        {
            "font": "{73b1f927-d447-49c9-bc1b-30cd87c22c06}",
            "language": "{d2de4214-572a-4e7d-ac63-6734e884dc0e}",
            "string": "{f37d9ad1-36e7-44ce-9a26-c00be0c75068}"
        },
        {
            "font": "{37f841c8-26c0-43cb-a829-c9a0b62c8041}",
            "language": "{d2de4214-572a-4e7d-ac63-6734e884dc0e}",
            "string": "{fad7712c-7389-4175-a81b-b8f3fc5b11ac}"
        },
        {
            "font": "{37f841c8-26c0-43cb-a829-c9a0b62c8041}",
            "language": "{d2de4214-572a-4e7d-ac63-6734e884dc0e}",
            "string": "{fd495dd5-b88f-4af5-8577-973c5528a024}"
        }
    ],
    "defaultLanguage": "{d2de4214-572a-4e7d-ac63-6734e884dc0e}",
    "encoding": "ASCII",
    "languages": [
        {
            "properties": {
                "__categories": [
                ],
                "__groups": [
                ],
                "enabled": {
                    "enabled": true,
                    "type": "boolean",
                    "value": true,
                    "visible": true
                },
                "id": {
                    "enabled": true,
                    "type": "uuid",
                    "value": "{d2de4214-572a-4e7d-ac63-6734e884dc0e}",
                    "visible": true
                },
                "name": {
                    "enabled": true,
                    "type": "text",
                    "value": "Default",
                    "visible": true
                }
            }
        }
    ],
    "paths": [
    ],
    "strings": [
        {
            "properties": {
                "__categories": [
                ],
                "__groups": [
                ],
                "description": {
                    "enabled": true,
                    "type": "text",
                    "value": "",
                    "visible": true
                },
                "id": {
                    "enabled": true,
                    "type": "uuid",
                    "value": "{05e7c834-0387-471c-b735-85d622a1672d}",
                    "visible": true
                },
                "name": {
                    "enabled": true,
                    "type": "text",
                    "value": "strEnv",
                    "visible": true
                },
                "path": {
                    "enabled": true,
                    "type": "text",
                    "value": "/",
                    "visible": true
                }
            },
            "values": [
                {
                    "language": "{d2de4214-572a-4e7d-ac63-6734e884dc0e}",
                    "value": "Environment"
                }
            ]
        },
        {
            "properties": {
                "__categories": [
                ],
                "__groups": [
                ],
                "description": {
                    "enabled": true,
                    "type": "text",
                    "value": "",
                    "visible": true
                },
                "id": {
                    "enabled": true,
                    "type": "uuid",
                    "value": "{129e756a-649e-4cd6-a6f7-457a1f82880d}",
                    "visible": true
                },
                "name": {
                    "enabled": true,
                    "type": "text",
                    "value": "strOperator",
                    "visible": true
                },
                "path": {
                    "enabled": true,
                    "type": "text",
                    "value": "/",
                    "visible": true
                }
            },
            "values": [
                {
                    "language": "{d2de4214-572a-4e7d-ac63-6734e884dc0e}",
                    "value": "Operator"
                }
            ]
        },
        {
            "properties": {
                "__categories": [
                ],
                "__groups": [
                ],
                "description": {
                    "enabled": true,
                    "type": "text",
                    "value": "",
                    "visible": true
                },
                "id": {
                    "enabled": true,
                    "type": "uuid",
                    "value": "{20879d77-b50c-440c-a85d-76605712e080}",
                    "visible": true
                },
                "name": {
                    "enabled": true,
                    "type": "text",
                    "value": "strProgram",
                    "visible": true
                },
                "path": {
                    "enabled": true,
                    "type": "text",
                    "value": "/",
                    "visible": true
                }
            },
            "values": [
                {
                    "language": "{d2de4214-572a-4e7d-ac63-6734e884dc0e}",
                    "value": "Program"
                }
            ]
        },
        {
            "properties": {
                "__categories": [
                ],
                "__groups": [
                ],
                "description": {
                    "enabled": true,
                    "type": "text",
                    "value": "",
                    "visible": true
                },
                "id": {
                    "enabled": true,
                    "type": "uuid",
                    "value": "{3fa5f2fd-4549-400b-9e3e-ecbe1f18f48f}",
                    "visible": true
                },
                "name": {
                    "enabled": true,
                    "type": "text",
                    "value": "strFailed",
                    "visible": true
                },
                "path": {
                    "enabled": true,
                    "type": "text",
                    "value": "/",
                    "visible": true
                }
            },
            "values": [
                {
                    "language": "{d2de4214-572a-4e7d-ac63-6734e884dc0e}",
                    "value": "Failed"
                }
            ]
        },
        {
            "properties": {
                "__categories": [
                ],
                "__groups": [
                ],
                "description": {
                    "enabled": true,
                    "type": "text",
                    "value": "",
                    "visible": true
                },
                "id": {
                    "enabled": true,
                    "type": "uuid",
                    "value": "{471ec1f0-cf98-473f-a9f4-2736a6714b98}",
                    "visible": true
                },
                "name": {
                    "enabled": true,
                    "type": "text",
                    "value": "strPA2",
                    "visible": true
                },
                "path": {
                    "enabled": true,
                    "type": "text",
                    "value": "/",
                    "visible": true
                }
            },
            "values": [
                {
                    "language": "{d2de4214-572a-4e7d-ac63-6734e884dc0e}",
                    "value": "PA2"
                }
            ]
        },
        {
            "properties": {
                "__categories": [
                ],
                "__groups": [
                ],
                "description": {
                    "enabled": true,
                    "type": "text",
                    "value": "",
                    "visible": true
                },
                "id": {
                    "enabled": true,
                    "type": "uuid",
                    "value": "{56f94488-af1b-4ac1-963d-e69948248d54}",
                    "visible": true
                },
                "name": {
                    "enabled": true,
                    "type": "text",
                    "value": "strSocket",
                    "visible": true
                },
                "path": {
                    "enabled": true,
                    "type": "text",
                    "value": "/",
                    "visible": true
                }
            },
            "values": [
                {
                    "language": "{d2de4214-572a-4e7d-ac63-6734e884dc0e}",
                    "value": "Socket"
                }
            ]
        },
        {
            "properties": {
                "__categories": [
                ],
                "__groups": [
                ],
                "description": {
                    "enabled": true,
                    "type": "text",
                    "value": "",
                    "visible": true
                },
                "id": {
                    "enabled": true,
                    "type": "uuid",
                    "value": "{673891e3-e62c-4402-b580-fe7e26a46aa8}",
                    "visible": true
                },
                "name": {
                    "enabled": true,
                    "type": "text",
                    "value": "strPA1Big",
                    "visible": true
                },
                "path": {
                    "enabled": true,
                    "type": "text",
                    "value": "/",
                    "visible": true
                }
            },
            "values": [
                {
                    "language": "{d2de4214-572a-4e7d-ac63-6734e884dc0e}",
                    "value": "PA1"
                }
            ]
        },
        {
            "properties": {
                "__categories": [
                ],
                "__groups": [
                ],
                "description": {
                    "enabled": true,
                    "type": "text",
                    "value": "",
                    "visible": true
                },
                "id": {
                    "enabled": true,
                    "type": "uuid",
                    "value": "{699edef8-7559-4543-8db4-c68fbdcf3521}",
                    "visible": true
                },
                "name": {
                    "enabled": true,
                    "type": "text",
                    "value": "strPA3Big",
                    "visible": true
                },
                "path": {
                    "enabled": true,
                    "type": "text",
                    "value": "/",
                    "visible": true
                }
            },
            "values": [
                {
                    "language": "{d2de4214-572a-4e7d-ac63-6734e884dc0e}",
                    "value": "PA3"
                }
            ]
        },
        {
            "properties": {
                "__categories": [
                ],
                "__groups": [
                ],
                "description": {
                    "enabled": true,
                    "type": "text",
                    "value": "",
                    "visible": true
                },
                "id": {
                    "enabled": true,
                    "type": "uuid",
                    "value": "{6ed46c8b-dddc-4467-a7aa-aa0ac94f9eb0}",
                    "visible": true
                },
                "name": {
                    "enabled": true,
                    "type": "text",
                    "value": "strRead",
                    "visible": true
                },
                "path": {
                    "enabled": true,
                    "type": "text",
                    "value": "/",
                    "visible": true
                }
            },
            "values": [
                {
                    "language": "{d2de4214-572a-4e7d-ac63-6734e884dc0e}",
                    "value": "Read"
                }
            ]
        },
        {
            "properties": {
                "__categories": [
                ],
                "__groups": [
                ],
                "description": {
                    "enabled": true,
                    "type": "text",
                    "value": "",
                    "visible": true
                },
                "id": {
                    "enabled": true,
                    "type": "uuid",
                    "value": "{80c1ca39-e85c-46e5-a365-00bdfa80bdfe}",
                    "visible": true
                },
                "name": {
                    "enabled": true,
                    "type": "text",
                    "value": "strDefaultCount",
                    "visible": true
                },
                "path": {
                    "enabled": true,
                    "type": "text",
                    "value": "/",
                    "visible": true
                }
            },
            "values": [
                {
                    "language": "{d2de4214-572a-4e7d-ac63-6734e884dc0e}",
                    "value": "5"
                }
            ]
        },
        {
            "properties": {
                "__categories": [
                ],
                "__groups": [
                ],
                "description": {
                    "enabled": true,
                    "type": "text",
                    "value": "",
                    "visible": true
                },
                "id": {
                    "enabled": true,
                    "type": "uuid",
                    "value": "{89c657a8-b672-430c-ad87-a32fb24f7c23}",
                    "visible": true
                },
                "name": {
                    "enabled": true,
                    "type": "text",
                    "value": "strPassed",
                    "visible": true
                },
                "path": {
                    "enabled": true,
                    "type": "text",
                    "value": "/",
                    "visible": true
                }
            },
            "values": [
                {
                    "language": "{d2de4214-572a-4e7d-ac63-6734e884dc0e}",
                    "value": "Passed"
                }
            ]
        },
        {
            "properties": {
                "__categories": [
                ],
                "__groups": [
                ],
                "description": {
                    "enabled": true,
                    "type": "text",
                    "value": "",
                    "visible": true
                },
                "id": {
                    "enabled": true,
                    "type": "uuid",
                    "value": "{8d6fe494-5124-41dc-a1f7-db9d6634255a}",
                    "visible": true
                },
                "name": {
                    "enabled": true,
                    "type": "text",
                    "value": "strPA4Big",
                    "visible": true
                },
                "path": {
                    "enabled": true,
                    "type": "text",
                    "value": "/",
                    "visible": true
                }
            },
            "values": [
                {
                    "language": "{d2de4214-572a-4e7d-ac63-6734e884dc0e}",
                    "value": "PA4"
                }
            ]
        },
        {
            "properties": {
                "__categories": [
                ],
                "__groups": [
                ],
                "description": {
                    "enabled": true,
                    "type": "text",
                    "value": "",
                    "visible": true
                },
                "id": {
                    "enabled": true,
                    "type": "uuid",
                    "value": "{8e1ed9a2-c3fb-469e-b9d4-9fb38ce3f409}",
                    "visible": true
                },
                "name": {
                    "enabled": true,
                    "type": "text",
                    "value": "strAllPAs",
                    "visible": true
                },
                "path": {
                    "enabled": true,
                    "type": "text",
                    "value": "/",
                    "visible": true
                }
            },
            "values": [
                {
                    "language": "{d2de4214-572a-4e7d-ac63-6734e884dc0e}",
                    "value": "All PAs"
                }
            ]
        },
        {
            "properties": {
                "__categories": [
                ],
                "__groups": [
                ],
                "description": {
                    "enabled": true,
                    "type": "text",
                    "value": "",
                    "visible": true
                },
                "id": {
                    "enabled": true,
                    "type": "uuid",
                    "value": "{9d5d014a-991c-482e-b7da-e683b9c495d5}",
                    "visible": true
                },
                "name": {
                    "enabled": true,
                    "type": "text",
                    "value": "strPA2Big",
                    "visible": true
                },
                "path": {
                    "enabled": true,
                    "type": "text",
                    "value": "/",
                    "visible": true
                }
            },
            "values": [
                {
                    "language": "{d2de4214-572a-4e7d-ac63-6734e884dc0e}",
                    "value": "PA2"
                }
            ]
        },
        {
            "properties": {
                "__categories": [
                ],
                "__groups": [
                ],
                "description": {
                    "enabled": true,
                    "type": "text",
                    "value": "",
                    "visible": true
                },
                "id": {
                    "enabled": true,
                    "type": "uuid",
                    "value": "{b4fd9f2f-e871-4728-a3e3-e015c6b34159}",
                    "visible": true
                },
                "name": {
                    "enabled": true,
                    "type": "text",
                    "value": "strAdmin",
                    "visible": true
                },
                "path": {
                    "enabled": true,
                    "type": "text",
                    "value": "/",
                    "visible": true
                }
            },
            "values": [
                {
                    "language": "{d2de4214-572a-4e7d-ac63-6734e884dc0e}",
                    "value": "Admin"
                }
            ]
        },
        {
            "properties": {
                "__categories": [
                ],
                "__groups": [
                ],
                "description": {
                    "enabled": true,
                    "type": "text",
                    "value": "",
                    "visible": true
                },
                "id": {
                    "enabled": true,
                    "type": "uuid",
                    "value": "{c0167e0b-d0f9-45df-b1a4-50ba468f09e3}",
                    "visible": true
                },
                "name": {
                    "enabled": true,
                    "type": "text",
                    "value": "strPA1",
                    "visible": true
                },
                "path": {
                    "enabled": true,
                    "type": "text",
                    "value": "/",
                    "visible": true
                }
            },
            "values": [
                {
                    "language": "{d2de4214-572a-4e7d-ac63-6734e884dc0e}",
                    "value": "PA1"
                }
            ]
        },
        {
            "properties": {
                "__categories": [
                ],
                "__groups": [
                ],
                "description": {
                    "enabled": true,
                    "type": "text",
                    "value": "",
                    "visible": true
                },
                "id": {
                    "enabled": true,
                    "type": "uuid",
                    "value": "{c78d42ed-77f1-46cf-b264-46f89ec74a11}",
                    "visible": true
                },
                "name": {
                    "enabled": true,
                    "type": "text",
                    "value": "strDefaulSocket",
                    "visible": true
                },
                "path": {
                    "enabled": true,
                    "type": "text",
                    "value": "/",
                    "visible": true
                }
            },
            "values": [
                {
                    "language": "{d2de4214-572a-4e7d-ac63-6734e884dc0e}",
                    "value": "AC164344"
                }
            ]
        },
        {
            "properties": {
                "__categories": [
                ],
                "__groups": [
                ],
                "description": {
                    "enabled": true,
                    "type": "text",
                    "value": "",
                    "visible": true
                },
                "id": {
                    "enabled": true,
                    "type": "uuid",
                    "value": "{c80810e6-a700-48dd-b57e-1f9fa8ef0f52}",
                    "visible": true
                },
                "name": {
                    "enabled": true,
                    "type": "text",
                    "value": "strPA0",
                    "visible": true
                },
                "path": {
                    "enabled": true,
                    "type": "text",
                    "value": "/",
                    "visible": true
                }
            },
            "values": [
                {
                    "language": "{d2de4214-572a-4e7d-ac63-6734e884dc0e}",
                    "value": "PA0"
                }
            ]
        },
        {
            "properties": {
                "__categories": [
                ],
                "__groups": [
                ],
                "description": {
                    "enabled": true,
                    "type": "text",
                    "value": "",
                    "visible": true
                },
                "id": {
                    "enabled": true,
                    "type": "uuid",
                    "value": "{cae0d705-71c0-4237-943c-44a75be4b802}",
                    "visible": true
                },
                "name": {
                    "enabled": true,
                    "type": "text",
                    "value": "strDevice",
                    "visible": true
                },
                "path": {
                    "enabled": true,
                    "type": "text",
                    "value": "/",
                    "visible": true
                }
            },
            "values": [
                {
                    "language": "{d2de4214-572a-4e7d-ac63-6734e884dc0e}",
                    "value": "Device"
                }
            ]
        },
        {
            "properties": {
                "__categories": [
                ],
                "__groups": [
                ],
                "description": {
                    "enabled": true,
                    "type": "text",
                    "value": "",
                    "visible": true
                },
                "id": {
                    "enabled": true,
                    "type": "uuid",
                    "value": "{d0e48c01-0780-4c0b-ab3d-be16573e5ff5}",
                    "visible": true
                },
                "name": {
                    "enabled": true,
                    "type": "text",
                    "value": "strDefaultDev",
                    "visible": true
                },
                "path": {
                    "enabled": true,
                    "type": "text",
                    "value": "/",
                    "visible": true
                }
            },
            "values": [
                {
                    "language": "{d2de4214-572a-4e7d-ac63-6734e884dc0e}",
                    "value": "PIC18F1775"
                }
            ]
        },
        {
            "properties": {
                "__categories": [
                ],
                "__groups": [
                ],
                "description": {
                    "enabled": true,
                    "type": "text",
                    "value": "",
                    "visible": true
                },
                "id": {
                    "enabled": true,
                    "type": "uuid",
                    "value": "{df98d9c8-e79a-4115-bc48-2021cd941ef5}",
                    "visible": true
                },
                "name": {
                    "enabled": true,
                    "type": "text",
                    "value": "strBlank",
                    "visible": true
                },
                "path": {
                    "enabled": true,
                    "type": "text",
                    "value": "/",
                    "visible": true
                }
            },
            "values": [
                {
                    "language": "{d2de4214-572a-4e7d-ac63-6734e884dc0e}",
                    "value": "Blank Check"
                }
            ]
        },
        {
            "properties": {
                "__categories": [
                ],
                "__groups": [
                ],
                "description": {
                    "enabled": true,
                    "type": "text",
                    "value": "",
                    "visible": true
                },
                "id": {
                    "enabled": true,
                    "type": "uuid",
                    "value": "{e7e9d48a-85c6-4aff-9ad5-17c089fbb6b5}",
                    "visible": true
                },
                "name": {
                    "enabled": true,
                    "type": "text",
                    "value": "strPA0Big",
                    "visible": true
                },
                "path": {
                    "enabled": true,
                    "type": "text",
                    "value": "/",
                    "visible": true
                }
            },
            "values": [
                {
                    "language": "{d2de4214-572a-4e7d-ac63-6734e884dc0e}",
                    "value": "PA0"
                }
            ]
        },
        {
            "properties": {
                "__categories": [
                ],
                "__groups": [
                ],
                "description": {
                    "enabled": true,
                    "type": "text",
                    "value": "",
                    "visible": true
                },
                "id": {
                    "enabled": true,
                    "type": "uuid",
                    "value": "{e87f1cf2-102a-4bcf-abe7-ec2b57f31e0a}",
                    "visible": true
                },
                "name": {
                    "enabled": true,
                    "type": "text",
                    "value": "strPA3",
                    "visible": true
                },
                "path": {
                    "enabled": true,
                    "type": "text",
                    "value": "/",
                    "visible": true
                }
            },
            "values": [
                {
                    "language": "{d2de4214-572a-4e7d-ac63-6734e884dc0e}",
                    "value": "PA3"
                }
            ]
        },
        {
            "properties": {
                "__categories": [
                ],
                "__groups": [
                ],
                "description": {
                    "enabled": true,
                    "type": "text",
                    "value": "",
                    "visible": true
                },
                "id": {
                    "enabled": true,
                    "type": "uuid",
                    "value": "{f37d9ad1-36e7-44ce-9a26-c00be0c75068}",
                    "visible": true
                },
                "name": {
                    "enabled": true,
                    "type": "text",
                    "value": "strDefaulEnv",
                    "visible": true
                },
                "path": {
                    "enabled": true,
                    "type": "text",
                    "value": "/",
                    "visible": true
                }
            },
            "values": [
                {
                    "language": "{d2de4214-572a-4e7d-ac63-6734e884dc0e}",
                    "value": "PIC18F1775.pm5"
                }
            ]
        },
        {
            "properties": {
                "__categories": [
                ],
                "__groups": [
                ],
                "description": {
                    "enabled": true,
                    "type": "text",
                    "value": "",
                    "visible": true
                },
                "id": {
                    "enabled": true,
                    "type": "uuid",
                    "value": "{fad7712c-7389-4175-a81b-b8f3fc5b11ac}",
                    "visible": true
                },
                "name": {
                    "enabled": true,
                    "type": "text",
                    "value": "strErase",
                    "visible": true
                },
                "path": {
                    "enabled": true,
                    "type": "text",
                    "value": "/",
                    "visible": true
                }
            },
            "values": [
                {
                    "language": "{d2de4214-572a-4e7d-ac63-6734e884dc0e}",
                    "value": "Erase"
                }
            ]
        },
        {
            "properties": {
                "__categories": [
                ],
                "__groups": [
                ],
                "description": {
                    "enabled": true,
                    "type": "text",
                    "value": "",
                    "visible": true
                },
                "id": {
                    "enabled": true,
                    "type": "uuid",
                    "value": "{fd495dd5-b88f-4af5-8577-973c5528a024}",
                    "visible": true
                },
                "name": {
                    "enabled": true,
                    "type": "text",
                    "value": "strVerify",
                    "visible": true
                },
                "path": {
                    "enabled": true,
                    "type": "text",
                    "value": "/",
                    "visible": true
                }
            },
            "values": [
                {
                    "language": "{d2de4214-572a-4e7d-ac63-6734e884dc0e}",
                    "value": "Verify"
                }
            ]
        }
    ]
}
