{
    " ": {
        "advance": 31,
        "bearingX": 0,
        "bearingY": 0,
        "codePoint": 32,
        "height": 0,
        "width": 0
    },
    "!": {
        "advance": 34,
        "bearingX": 6,
        "bearingY": 86,
        "codePoint": 33,
        "height": 88,
        "width": 22
    },
    "\"": {
        "advance": 57,
        "bearingX": 7,
        "bearingY": 86,
        "codePoint": 34,
        "height": 32,
        "width": 44
    },
    "#": {
        "advance": 78,
        "bearingX": 2,
        "bearingY": 86,
        "codePoint": 35,
        "height": 86,
        "width": 73
    },
    "$": {
        "advance": 69,
        "bearingX": 5,
        "bearingY": 92,
        "codePoint": 36,
        "height": 99,
        "width": 59
    },
    "%": {
        "advance": 108,
        "bearingX": 3,
        "bearingY": 87,
        "codePoint": 37,
        "height": 89,
        "width": 102
    },
    "&": {
        "advance": 90,
        "bearingX": 4,
        "bearingY": 87,
        "codePoint": 38,
        "height": 89,
        "width": 86
    },
    "'": {
        "advance": 32,
        "bearingX": 7,
        "bearingY": 86,
        "codePoint": 39,
        "height": 32,
        "width": 18
    },
    "(": {
        "advance": 41,
        "bearingX": 4,
        "bearingY": 86,
        "codePoint": 40,
        "height": 105,
        "width": 34
    },
    ")": {
        "advance": 41,
        "bearingX": 3,
        "bearingY": 86,
        "codePoint": 41,
        "height": 105,
        "width": 33
    },
    "*": {
        "advance": 65,
        "bearingX": 3,
        "bearingY": 92,
        "codePoint": 42,
        "height": 57,
        "width": 59
    },
    "+": {
        "advance": 69,
        "bearingX": 5,
        "bearingY": 72,
        "codePoint": 43,
        "height": 59,
        "width": 59
    },
    ",": {
        "advance": 34,
        "bearingX": 3,
        "bearingY": 14,
        "codePoint": 44,
        "height": 30,
        "width": 24
    },
    "-": {
        "advance": 38,
        "bearingX": 3,
        "bearingY": 40,
        "codePoint": 45,
        "height": 16,
        "width": 32
    },
    ".": {
        "advance": 34,
        "bearingX": 6,
        "bearingY": 19,
        "codePoint": 46,
        "height": 21,
        "width": 22
    },
    "/": {
        "advance": 50,
        "bearingX": 0,
        "bearingY": 87,
        "codePoint": 47,
        "height": 88,
        "width": 50
    },
    "0": {
        "advance": 69,
        "bearingX": 4,
        "bearingY": 87,
        "codePoint": 48,
        "height": 89,
        "width": 61
    },
    "1": {
        "advance": 69,
        "bearingX": 7,
        "bearingY": 86,
        "codePoint": 49,
        "height": 86,
        "width": 43
    },
    "2": {
        "advance": 69,
        "bearingX": 4,
        "bearingY": 87,
        "codePoint": 50,
        "height": 87,
        "width": 61
    },
    "3": {
        "advance": 69,
        "bearingX": 4,
        "bearingY": 87,
        "codePoint": 51,
        "height": 89,
        "width": 60
    },
    "4": {
        "advance": 69,
        "bearingX": 2,
        "bearingY": 86,
        "codePoint": 52,
        "height": 86,
        "width": 65
    },
    "5": {
        "advance": 69,
        "bearingX": 5,
        "bearingY": 86,
        "codePoint": 53,
        "height": 88,
        "width": 59
    },
    "6": {
        "advance": 69,
        "bearingX": 4,
        "bearingY": 87,
        "codePoint": 54,
        "height": 89,
        "width": 61
    },
    "7": {
        "advance": 69,
        "bearingX": 3,
        "bearingY": 86,
        "codePoint": 55,
        "height": 86,
        "width": 62
    },
    "8": {
        "advance": 69,
        "bearingX": 4,
        "bearingY": 87,
        "codePoint": 56,
        "height": 89,
        "width": 61
    },
    "9": {
        "advance": 69,
        "bearingX": 3,
        "bearingY": 87,
        "codePoint": 57,
        "height": 89,
        "width": 62
    },
    ":": {
        "advance": 34,
        "bearingX": 6,
        "bearingY": 67,
        "codePoint": 58,
        "height": 69,
        "width": 22
    },
    ";": {
        "advance": 34,
        "bearingX": 3,
        "bearingY": 67,
        "codePoint": 59,
        "height": 83,
        "width": 25
    },
    "<": {
        "advance": 69,
        "bearingX": 5,
        "bearingY": 75,
        "codePoint": 60,
        "height": 64,
        "width": 59
    },
    "=": {
        "advance": 69,
        "bearingX": 5,
        "bearingY": 60,
        "codePoint": 61,
        "height": 36,
        "width": 59
    },
    ">": {
        "advance": 69,
        "bearingX": 5,
        "bearingY": 75,
        "codePoint": 62,
        "height": 64,
        "width": 59
    },
    "?": {
        "advance": 57,
        "bearingX": 0,
        "bearingY": 87,
        "codePoint": 63,
        "height": 89,
        "width": 55
    },
    "@": {
        "advance": 108,
        "bearingX": 5,
        "bearingY": 87,
        "codePoint": 64,
        "height": 97,
        "width": 98
    },
    "A": {
        "advance": 83,
        "bearingX": 0,
        "bearingY": 87,
        "codePoint": 65,
        "height": 87,
        "width": 84
    },
    "B": {
        "advance": 80,
        "bearingX": 10,
        "bearingY": 86,
        "codePoint": 66,
        "height": 86,
        "width": 64
    },
    "C": {
        "advance": 77,
        "bearingX": 6,
        "bearingY": 87,
        "codePoint": 67,
        "height": 89,
        "width": 68
    },
    "D": {
        "advance": 88,
        "bearingX": 10,
        "bearingY": 86,
        "codePoint": 68,
        "height": 86,
        "width": 72
    },
    "E": {
        "advance": 67,
        "bearingX": 10,
        "bearingY": 86,
        "codePoint": 69,
        "height": 86,
        "width": 51
    },
    "F": {
        "advance": 66,
        "bearingX": 10,
        "bearingY": 86,
        "codePoint": 70,
        "height": 86,
        "width": 50
    },
    "G": {
        "advance": 87,
        "bearingX": 6,
        "bearingY": 87,
        "codePoint": 71,
        "height": 89,
        "width": 72
    },
    "H": {
        "advance": 92,
        "bearingX": 10,
        "bearingY": 86,
        "codePoint": 72,
        "height": 86,
        "width": 71
    },
    "I": {
        "advance": 47,
        "bearingX": 3,
        "bearingY": 86,
        "codePoint": 73,
        "height": 86,
        "width": 40
    },
    "J": {
        "advance": 40,
        "bearingX": -9,
        "bearingY": 86,
        "codePoint": 74,
        "height": 112,
        "width": 38
    },
    "K": {
        "advance": 80,
        "bearingX": 10,
        "bearingY": 86,
        "codePoint": 75,
        "height": 86,
        "width": 70
    },
    "L": {
        "advance": 67,
        "bearingX": 10,
        "bearingY": 86,
        "codePoint": 76,
        "height": 86,
        "width": 54
    },
    "M": {
        "advance": 113,
        "bearingX": 10,
        "bearingY": 86,
        "codePoint": 77,
        "height": 86,
        "width": 93
    },
    "N": {
        "advance": 98,
        "bearingX": 10,
        "bearingY": 86,
        "codePoint": 78,
        "height": 86,
        "width": 77
    },
    "O": {
        "advance": 95,
        "bearingX": 6,
        "bearingY": 87,
        "codePoint": 79,
        "height": 89,
        "width": 83
    },
    "P": {
        "advance": 75,
        "bearingX": 10,
        "bearingY": 86,
        "codePoint": 80,
        "height": 86,
        "width": 60
    },
    "Q": {
        "advance": 95,
        "bearingX": 6,
        "bearingY": 87,
        "codePoint": 81,
        "height": 108,
        "width": 83
    },
    "R": {
        "advance": 79,
        "bearingX": 10,
        "bearingY": 86,
        "codePoint": 82,
        "height": 86,
        "width": 69
    },
    "S": {
        "advance": 66,
        "bearingX": 5,
        "bearingY": 87,
        "codePoint": 83,
        "height": 89,
        "width": 57
    },
    "T": {
        "advance": 69,
        "bearingX": 2,
        "bearingY": 86,
        "codePoint": 84,
        "height": 86,
        "width": 65
    },
    "U": {
        "advance": 91,
        "bearingX": 10,
        "bearingY": 86,
        "codePoint": 85,
        "height": 88,
        "width": 71
    },
    "V": {
        "advance": 78,
        "bearingX": 0,
        "bearingY": 86,
        "codePoint": 86,
        "height": 86,
        "width": 78
    },
    "W": {
        "advance": 116,
        "bearingX": 0,
        "bearingY": 86,
        "codePoint": 87,
        "height": 86,
        "width": 117
    },
    "X": {
        "advance": 80,
        "bearingX": 0,
        "bearingY": 86,
        "codePoint": 88,
        "height": 86,
        "width": 80
    },
    "Y": {
        "advance": 75,
        "bearingX": 0,
        "bearingY": 86,
        "codePoint": 89,
        "height": 86,
        "width": 76
    },
    "Z": {
        "advance": 69,
        "bearingX": 2,
        "bearingY": 86,
        "codePoint": 90,
        "height": 86,
        "width": 65
    },
    "[": {
        "advance": 40,
        "bearingX": 8,
        "bearingY": 86,
        "codePoint": 91,
        "height": 105,
        "width": 29
    },
    "\\": {
        "advance": 50,
        "bearingX": 0,
        "bearingY": 87,
        "codePoint": 92,
        "height": 88,
        "width": 50
    },
    "]": {
        "advance": 40,
        "bearingX": 3,
        "bearingY": 86,
        "codePoint": 93,
        "height": 105,
        "width": 29
    },
    "^": {
        "advance": 69,
        "bearingX": 2,
        "bearingY": 87,
        "codePoint": 94,
        "height": 57,
        "width": 64
    },
    "_": {
        "advance": 49,
        "bearingX": -1,
        "bearingY": -10,
        "codePoint": 95,
        "height": 9,
        "width": 51
    },
    "`": {
        "advance": 44,
        "bearingX": 4,
        "bearingY": 92,
        "codePoint": 96,
        "height": 20,
        "width": 35
    },
    "a": {
        "advance": 72,
        "bearingX": 4,
        "bearingY": 67,
        "codePoint": 97,
        "height": 69,
        "width": 60
    },
    "b": {
        "advance": 76,
        "bearingX": 8,
        "bearingY": 92,
        "codePoint": 98,
        "height": 94,
        "width": 63
    },
    "c": {
        "advance": 62,
        "bearingX": 5,
        "bearingY": 67,
        "codePoint": 99,
        "height": 69,
        "width": 54
    },
    "d": {
        "advance": 76,
        "bearingX": 5,
        "bearingY": 92,
        "codePoint": 100,
        "height": 94,
        "width": 63
    },
    "e": {
        "advance": 72,
        "bearingX": 5,
        "bearingY": 67,
        "codePoint": 101,
        "height": 69,
        "width": 62
    },
    "f": {
        "advance": 46,
        "bearingX": 2,
        "bearingY": 92,
        "codePoint": 102,
        "height": 92,
        "width": 50
    },
    "g": {
        "advance": 76,
        "bearingX": 5,
        "bearingY": 67,
        "codePoint": 103,
        "height": 96,
        "width": 63
    },
    "h": {
        "advance": 78,
        "bearingX": 8,
        "bearingY": 92,
        "codePoint": 104,
        "height": 92,
        "width": 62
    },
    "i": {
        "advance": 36,
        "bearingX": 8,
        "bearingY": 92,
        "codePoint": 105,
        "height": 92,
        "width": 20
    },
    "j": {
        "advance": 36,
        "bearingX": -7,
        "bearingY": 92,
        "codePoint": 106,
        "height": 121,
        "width": 35
    },
    "k": {
        "advance": 74,
        "bearingX": 9,
        "bearingY": 92,
        "codePoint": 107,
        "height": 92,
        "width": 66
    },
    "l": {
        "advance": 36,
        "bearingX": 8,
        "bearingY": 92,
        "codePoint": 108,
        "height": 92,
        "width": 19
    },
    "m": {
        "advance": 117,
        "bearingX": 8,
        "bearingY": 67,
        "codePoint": 109,
        "height": 67,
        "width": 101
    },
    "n": {
        "advance": 78,
        "bearingX": 8,
        "bearingY": 67,
        "codePoint": 110,
        "height": 67,
        "width": 62
    },
    "o": {
        "advance": 75,
        "bearingX": 5,
        "bearingY": 67,
        "codePoint": 111,
        "height": 69,
        "width": 65
    },
    "p": {
        "advance": 76,
        "bearingX": 8,
        "bearingY": 67,
        "codePoint": 112,
        "height": 96,
        "width": 63
    },
    "q": {
        "advance": 76,
        "bearingX": 5,
        "bearingY": 67,
        "codePoint": 113,
        "height": 96,
        "width": 63
    },
    "r": {
        "advance": 54,
        "bearingX": 8,
        "bearingY": 67,
        "codePoint": 114,
        "height": 67,
        "width": 45
    },
    "s": {
        "advance": 60,
        "bearingX": 5,
        "bearingY": 67,
        "codePoint": 115,
        "height": 69,
        "width": 51
    },
    "t": {
        "advance": 52,
        "bearingX": 2,
        "bearingY": 80,
        "codePoint": 116,
        "height": 82,
        "width": 47
    },
    "u": {
        "advance": 78,
        "bearingX": 8,
        "bearingY": 66,
        "codePoint": 117,
        "height": 68,
        "width": 62
    },
    "v": {
        "advance": 69,
        "bearingX": 0,
        "bearingY": 66,
        "codePoint": 118,
        "height": 66,
        "width": 69
    },
    "w": {
        "advance": 103,
        "bearingX": 1,
        "bearingY": 66,
        "codePoint": 119,
        "height": 66,
        "width": 101
    },
    "x": {
        "advance": 69,
        "bearingX": 0,
        "bearingY": 66,
        "codePoint": 120,
        "height": 66,
        "width": 69
    },
    "y": {
        "advance": 69,
        "bearingX": 0,
        "bearingY": 66,
        "codePoint": 121,
        "height": 95,
        "width": 69
    },
    "z": {
        "advance": 59,
        "bearingX": 3,
        "bearingY": 66,
        "codePoint": 122,
        "height": 66,
        "width": 53
    },
    "{": {
        "advance": 47,
        "bearingX": 1,
        "bearingY": 86,
        "codePoint": 123,
        "height": 105,
        "width": 42
    },
    "|": {
        "advance": 66,
        "bearingX": 26,
        "bearingY": 91,
        "codePoint": 124,
        "height": 119,
        "width": 14
    },
    "}": {
        "advance": 47,
        "bearingX": 4,
        "bearingY": 86,
        "codePoint": 125,
        "height": 105,
        "width": 42
    },
    "~": {
        "advance": 69,
        "bearingX": 5,
        "bearingY": 53,
        "codePoint": 126,
        "height": 21,
        "width": 59
    }
}
