{
    "images": [
        {
            "id": "{418169b5-af86-4a21-832c-5573ab7cef76}",
            "name": "imgPassFail",
            "type": "RGB"
        },
        {
            "id": "{fa9453a5-373d-4fd3-bfc6-318f3ad8db42}",
            "name": "imgHome",
            "type": "RGB"
        },
        {
            "id": "{1407b7aa-7f80-49bf-b244-0016deeb17c7}",
            "name": "imgSettings",
            "type": "RGB"
        },
        {
            "id": "{0b1da952-b190-43f4-8f77-874d2fd98f39}",
            "name": "imgNotes",
            "type": "RGB"
        },
        {
            "id": "{e4d40381-611a-46d2-b599-89cd90ad79e3}",
            "name": "imgProgram",
            "type": "RGB"
        },
        {
            "id": "{53c09fcb-bb41-4561-b21e-9eb62a0de438}",
            "name": "imgPower",
            "type": "RGB"
        },
        {
            "id": "{d58ee715-537a-4329-a41d-5f19c201fd17}",
            "name": "imgMchp",
            "type": "RGB"
        },
        {
            "id": "{8bc02b60-ec8b-47c8-aafb-f6585238de4e}",
            "name": "imgMenuButton",
            "type": "RGB"
        },
        {
            "id": "{a193a340-2c4d-4e14-ad06-9efd3e456fc3}",
            "name": "imgPABar",
            "type": "RGB"
        },
        {
            "id": "{9b0cfef4-848e-4db3-8c2d-33cca465bf3c}",
            "name": "imgPABarRed",
            "type": "RGB"
        },
        {
            "id": "{368cb7f7-ad09-45d1-ada5-239c5834c4ec}",
            "name": "imgBigButton",
            "type": "RGB"
        },
        {
            "id": "{733eec7e-03c8-4f4f-9370-bd62a665316e}",
            "name": "imgOperator",
            "type": "RGB"
        },
        {
            "id": "{72b16216-a6f5-4f6f-b7d1-2b04f7a21df2}",
            "name": "imgAdmin",
            "type": "RGB"
        },
        {
            "id": "{3d94e1b1-a4fd-4032-a610-28c0f0e82706}",
            "name": "imgPM5Logo",
            "type": "RGB"
        },
        {
            "id": "{e793de53-5238-4fd9-8109-019db9f1e41e}",
            "name": "panel_back",
            "type": "RGB"
        },
        {
            "id": "{52ec1e26-e6b3-4d82-a5ca-7b4b2d6feb29}",
            "name": "passfail_back",
            "type": "RGB"
        }
    ],
    "paths": [
    ]
}
