{
    "activeLayer": "{5be1c478-28b3-4d25-8ce8-c6ba1dd6d811}",
    "events": {
        "hideEvent": {
            "enabled": "false",
            "properties": {
                "__categories": [
                ],
                "__groups": [
                ],
                "enabled": {
                    "enabled": true,
                    "type": "boolean",
                    "value": false,
                    "visible": true
                },
                "id": {
                    "enabled": true,
                    "type": "uuid",
                    "value": "{9e70ce88-3969-40be-9550-d46356516173}",
                    "visible": true
                }
            }
        },
        "showEvent": {
            "enabled": "true",
            "properties": {
                "__categories": [
                ],
                "__groups": [
                ],
                "enabled": {
                    "enabled": true,
                    "type": "boolean",
                    "value": true,
                    "visible": true
                },
                "id": {
                    "enabled": true,
                    "type": "uuid",
                    "value": "{941eb867-bc8c-4e08-bf39-cb338765e941}",
                    "visible": true
                }
            }
        },
        "updateEvent": {
            "enabled": "true",
            "properties": {
                "__categories": [
                ],
                "__groups": [
                ],
                "enabled": {
                    "enabled": true,
                    "type": "boolean",
                    "value": true,
                    "visible": true
                },
                "id": {
                    "enabled": true,
                    "type": "uuid",
                    "value": "{6fc6ae22-5112-4248-9218-8ed874035134}",
                    "visible": true
                }
            }
        }
    },
    "layers": [
        {
            "children": [
                {
                    "children": [
                        {
                            "properties": {
                                "__categories": [
                                    {
                                        "expanded": true,
                                        "id": "widget",
                                        "visible": true
                                    },
                                    {
                                        "expanded": true,
                                        "id": "image",
                                        "visible": true
                                    },
                                    {
                                        "expanded": true,
                                        "id": "editorOptions",
                                        "visible": true
                                    }
                                ],
                                "__groups": [
                                    {
                                        "expanded": false,
                                        "id": "position",
                                        "visible": true
                                    },
                                    {
                                        "expanded": false,
                                        "id": "size",
                                        "visible": true
                                    },
                                    {
                                        "expanded": false,
                                        "id": "alignment",
                                        "visible": true
                                    },
                                    {
                                        "expanded": false,
                                        "id": "margins",
                                        "visible": true
                                    }
                                ],
                                "alphaEnable": {
                                    "enabled": true,
                                    "type": "boolean",
                                    "value": false,
                                    "visible": true
                                },
                                "alphaLevel": {
                                    "enabled": true,
                                    "type": "integer",
                                    "value": 255,
                                    "visible": true
                                },
                                "background": {
                                    "enabled": true,
                                    "type": "combo",
                                    "value": 0,
                                    "visible": true
                                },
                                "border": {
                                    "enabled": true,
                                    "type": "combo",
                                    "value": 0,
                                    "visible": true
                                },
                                "editorExpanded": {
                                    "enabled": true,
                                    "type": "boolean",
                                    "value": true,
                                    "visible": true
                                },
                                "editorHidden": {
                                    "enabled": true,
                                    "type": "boolean",
                                    "value": false,
                                    "visible": true
                                },
                                "editorLocked": {
                                    "enabled": true,
                                    "type": "boolean",
                                    "value": false,
                                    "visible": true
                                },
                                "enabled": {
                                    "enabled": true,
                                    "type": "boolean",
                                    "value": true,
                                    "visible": true
                                },
                                "halign": {
                                    "enabled": true,
                                    "type": "combo",
                                    "value": 1,
                                    "visible": true
                                },
                                "height": {
                                    "enabled": true,
                                    "type": "integer",
                                    "value": 120,
                                    "visible": true
                                },
                                "id": {
                                    "enabled": true,
                                    "type": "uuid",
                                    "value": "{f6177f13-8d7f-4bbd-90d9-da6dfecf130c}",
                                    "visible": true
                                },
                                "image": {
                                    "enabled": true,
                                    "type": "image",
                                    "value": "{f5f3b836-bb39-43de-87af-c806081c8bb8}",
                                    "visible": true
                                },
                                "marginBottom": {
                                    "enabled": true,
                                    "type": "integer",
                                    "value": 4,
                                    "visible": true
                                },
                                "marginLeft": {
                                    "enabled": true,
                                    "type": "integer",
                                    "value": 4,
                                    "visible": true
                                },
                                "marginRight": {
                                    "enabled": true,
                                    "type": "integer",
                                    "value": 4,
                                    "visible": true
                                },
                                "marginTop": {
                                    "enabled": true,
                                    "type": "integer",
                                    "value": 4,
                                    "visible": true
                                },
                                "name": {
                                    "enabled": true,
                                    "type": "text",
                                    "value": "image_MchpLogo",
                                    "visible": true
                                },
                                "scheme": {
                                    "enabled": true,
                                    "type": "scheme",
                                    "value": "{00000000-0000-0000-0000-000000000000}",
                                    "visible": true
                                },
                                "valign": {
                                    "enabled": true,
                                    "type": "combo",
                                    "value": 1,
                                    "visible": true
                                },
                                "visible": {
                                    "enabled": true,
                                    "type": "boolean",
                                    "value": true,
                                    "visible": true
                                },
                                "width": {
                                    "enabled": true,
                                    "type": "integer",
                                    "value": 229,
                                    "visible": true
                                },
                                "x": {
                                    "enabled": true,
                                    "type": "integer",
                                    "value": 526,
                                    "visible": true
                                },
                                "y": {
                                    "enabled": true,
                                    "type": "integer",
                                    "value": 314,
                                    "visible": true
                                }
                            },
                            "type": "ImageWidget"
                        },
                        {
                            "children": [
                                {
                                    "properties": {
                                        "__categories": [
                                            {
                                                "expanded": true,
                                                "id": "widget",
                                                "visible": true
                                            },
                                            {
                                                "expanded": true,
                                                "id": "arc",
                                                "visible": true
                                            },
                                            {
                                                "expanded": true,
                                                "id": "editorOptions",
                                                "visible": true
                                            }
                                        ],
                                        "__groups": [
                                            {
                                                "expanded": false,
                                                "id": "position",
                                                "visible": true
                                            },
                                            {
                                                "expanded": false,
                                                "id": "size",
                                                "visible": true
                                            },
                                            {
                                                "expanded": false,
                                                "id": "alignment",
                                                "visible": true
                                            },
                                            {
                                                "expanded": false,
                                                "id": "margins",
                                                "visible": true
                                            }
                                        ],
                                        "alphaEnable": {
                                            "enabled": true,
                                            "type": "boolean",
                                            "value": false,
                                            "visible": true
                                        },
                                        "alphaLevel": {
                                            "enabled": true,
                                            "type": "integer",
                                            "value": 255,
                                            "visible": true
                                        },
                                        "background": {
                                            "enabled": true,
                                            "type": "combo",
                                            "value": 0,
                                            "visible": true
                                        },
                                        "border": {
                                            "enabled": true,
                                            "type": "combo",
                                            "value": 0,
                                            "visible": true
                                        },
                                        "editorExpanded": {
                                            "enabled": true,
                                            "type": "boolean",
                                            "value": true,
                                            "visible": true
                                        },
                                        "editorHidden": {
                                            "enabled": true,
                                            "type": "boolean",
                                            "value": false,
                                            "visible": true
                                        },
                                        "editorLocked": {
                                            "enabled": true,
                                            "type": "boolean",
                                            "value": false,
                                            "visible": true
                                        },
                                        "enabled": {
                                            "enabled": true,
                                            "type": "boolean",
                                            "value": true,
                                            "visible": true
                                        },
                                        "filled": {
                                            "enabled": true,
                                            "type": "boolean",
                                            "value": true,
                                            "visible": true
                                        },
                                        "halign": {
                                            "enabled": true,
                                            "type": "combo",
                                            "value": 0,
                                            "visible": true
                                        },
                                        "height": {
                                            "enabled": true,
                                            "type": "integer",
                                            "value": 12,
                                            "visible": true
                                        },
                                        "id": {
                                            "enabled": true,
                                            "type": "uuid",
                                            "value": "{dba225c3-7946-4a9b-a281-84bc89f3b637}",
                                            "visible": true
                                        },
                                        "marginBottom": {
                                            "enabled": true,
                                            "type": "integer",
                                            "value": 0,
                                            "visible": true
                                        },
                                        "marginLeft": {
                                            "enabled": true,
                                            "type": "integer",
                                            "value": 0,
                                            "visible": true
                                        },
                                        "marginRight": {
                                            "enabled": true,
                                            "type": "integer",
                                            "value": 0,
                                            "visible": true
                                        },
                                        "marginTop": {
                                            "enabled": true,
                                            "type": "integer",
                                            "value": 0,
                                            "visible": true
                                        },
                                        "name": {
                                            "enabled": true,
                                            "type": "text",
                                            "value": "circle_progressbarStart",
                                            "visible": true
                                        },
                                        "originX": {
                                            "enabled": true,
                                            "type": "integer",
                                            "value": -2,
                                            "visible": true
                                        },
                                        "originY": {
                                            "enabled": true,
                                            "type": "integer",
                                            "value": -2,
                                            "visible": true
                                        },
                                        "radius": {
                                            "enabled": true,
                                            "type": "integer",
                                            "value": 3,
                                            "visible": true
                                        },
                                        "scheme": {
                                            "enabled": true,
                                            "type": "scheme",
                                            "value": "{399c5ee5-8891-49d0-abdf-279350717955}",
                                            "visible": true
                                        },
                                        "thickness": {
                                            "enabled": true,
                                            "type": "integer",
                                            "value": 3,
                                            "visible": true
                                        },
                                        "valign": {
                                            "enabled": true,
                                            "type": "combo",
                                            "value": 0,
                                            "visible": true
                                        },
                                        "visible": {
                                            "enabled": true,
                                            "type": "boolean",
                                            "value": true,
                                            "visible": true
                                        },
                                        "width": {
                                            "enabled": true,
                                            "type": "integer",
                                            "value": 12,
                                            "visible": true
                                        },
                                        "x": {
                                            "enabled": true,
                                            "type": "integer",
                                            "value": 0,
                                            "visible": true
                                        },
                                        "y": {
                                            "enabled": true,
                                            "type": "integer",
                                            "value": 0,
                                            "visible": true
                                        }
                                    },
                                    "type": "CircleWidget"
                                },
                                {
                                    "properties": {
                                        "__categories": [
                                            {
                                                "expanded": true,
                                                "id": "widget",
                                                "visible": true
                                            },
                                            {
                                                "expanded": true,
                                                "id": "rectangle",
                                                "visible": true
                                            },
                                            {
                                                "expanded": true,
                                                "id": "editorOptions",
                                                "visible": true
                                            }
                                        ],
                                        "__groups": [
                                            {
                                                "expanded": false,
                                                "id": "position",
                                                "visible": true
                                            },
                                            {
                                                "expanded": false,
                                                "id": "size",
                                                "visible": true
                                            },
                                            {
                                                "expanded": false,
                                                "id": "alignment",
                                                "visible": true
                                            },
                                            {
                                                "expanded": false,
                                                "id": "margins",
                                                "visible": true
                                            }
                                        ],
                                        "alphaEnable": {
                                            "enabled": true,
                                            "type": "boolean",
                                            "value": false,
                                            "visible": true
                                        },
                                        "alphaLevel": {
                                            "enabled": true,
                                            "type": "integer",
                                            "value": 255,
                                            "visible": true
                                        },
                                        "background": {
                                            "enabled": true,
                                            "type": "combo",
                                            "value": 1,
                                            "visible": true
                                        },
                                        "border": {
                                            "enabled": true,
                                            "type": "combo",
                                            "value": 0,
                                            "visible": true
                                        },
                                        "editorExpanded": {
                                            "enabled": true,
                                            "type": "boolean",
                                            "value": false,
                                            "visible": true
                                        },
                                        "editorHidden": {
                                            "enabled": true,
                                            "type": "boolean",
                                            "value": false,
                                            "visible": true
                                        },
                                        "editorLocked": {
                                            "enabled": true,
                                            "type": "boolean",
                                            "value": false,
                                            "visible": true
                                        },
                                        "enabled": {
                                            "enabled": true,
                                            "type": "boolean",
                                            "value": true,
                                            "visible": true
                                        },
                                        "halign": {
                                            "enabled": true,
                                            "type": "combo",
                                            "value": 1,
                                            "visible": true
                                        },
                                        "height": {
                                            "enabled": true,
                                            "type": "integer",
                                            "value": 8,
                                            "visible": true
                                        },
                                        "id": {
                                            "enabled": true,
                                            "type": "uuid",
                                            "value": "{f2ab1dfb-72e3-407d-860f-d00fb5a2b8de}",
                                            "visible": true
                                        },
                                        "marginBottom": {
                                            "enabled": true,
                                            "type": "integer",
                                            "value": 4,
                                            "visible": true
                                        },
                                        "marginLeft": {
                                            "enabled": true,
                                            "type": "integer",
                                            "value": 4,
                                            "visible": true
                                        },
                                        "marginRight": {
                                            "enabled": true,
                                            "type": "integer",
                                            "value": 4,
                                            "visible": true
                                        },
                                        "marginTop": {
                                            "enabled": true,
                                            "type": "integer",
                                            "value": 4,
                                            "visible": true
                                        },
                                        "name": {
                                            "enabled": true,
                                            "type": "text",
                                            "value": "rect_progressbarSlide",
                                            "visible": true
                                        },
                                        "scheme": {
                                            "enabled": true,
                                            "type": "scheme",
                                            "value": "{399c5ee5-8891-49d0-abdf-279350717955}",
                                            "visible": true
                                        },
                                        "thickness": {
                                            "enabled": true,
                                            "type": "integer",
                                            "value": 2,
                                            "visible": true
                                        },
                                        "valign": {
                                            "enabled": true,
                                            "type": "combo",
                                            "value": 1,
                                            "visible": true
                                        },
                                        "visible": {
                                            "enabled": true,
                                            "type": "boolean",
                                            "value": true,
                                            "visible": true
                                        },
                                        "width": {
                                            "enabled": true,
                                            "type": "integer",
                                            "value": 7,
                                            "visible": true
                                        },
                                        "x": {
                                            "enabled": true,
                                            "type": "integer",
                                            "value": 2,
                                            "visible": true
                                        },
                                        "y": {
                                            "enabled": true,
                                            "type": "integer",
                                            "value": 0,
                                            "visible": true
                                        }
                                    },
                                    "type": "RectangleWidget"
                                },
                                {
                                    "properties": {
                                        "__categories": [
                                            {
                                                "expanded": true,
                                                "id": "widget",
                                                "visible": true
                                            },
                                            {
                                                "expanded": true,
                                                "id": "arc",
                                                "visible": true
                                            },
                                            {
                                                "expanded": true,
                                                "id": "editorOptions",
                                                "visible": true
                                            }
                                        ],
                                        "__groups": [
                                            {
                                                "expanded": false,
                                                "id": "position",
                                                "visible": true
                                            },
                                            {
                                                "expanded": false,
                                                "id": "size",
                                                "visible": true
                                            },
                                            {
                                                "expanded": false,
                                                "id": "alignment",
                                                "visible": true
                                            },
                                            {
                                                "expanded": false,
                                                "id": "margins",
                                                "visible": true
                                            }
                                        ],
                                        "alphaEnable": {
                                            "enabled": true,
                                            "type": "boolean",
                                            "value": false,
                                            "visible": true
                                        },
                                        "alphaLevel": {
                                            "enabled": true,
                                            "type": "integer",
                                            "value": 255,
                                            "visible": true
                                        },
                                        "background": {
                                            "enabled": true,
                                            "type": "combo",
                                            "value": 0,
                                            "visible": true
                                        },
                                        "border": {
                                            "enabled": true,
                                            "type": "combo",
                                            "value": 0,
                                            "visible": true
                                        },
                                        "editorExpanded": {
                                            "enabled": true,
                                            "type": "boolean",
                                            "value": true,
                                            "visible": true
                                        },
                                        "editorHidden": {
                                            "enabled": true,
                                            "type": "boolean",
                                            "value": false,
                                            "visible": true
                                        },
                                        "editorLocked": {
                                            "enabled": true,
                                            "type": "boolean",
                                            "value": false,
                                            "visible": true
                                        },
                                        "enabled": {
                                            "enabled": true,
                                            "type": "boolean",
                                            "value": true,
                                            "visible": true
                                        },
                                        "filled": {
                                            "enabled": true,
                                            "type": "boolean",
                                            "value": true,
                                            "visible": true
                                        },
                                        "halign": {
                                            "enabled": true,
                                            "type": "combo",
                                            "value": 1,
                                            "visible": true
                                        },
                                        "height": {
                                            "enabled": true,
                                            "type": "integer",
                                            "value": 12,
                                            "visible": true
                                        },
                                        "id": {
                                            "enabled": true,
                                            "type": "uuid",
                                            "value": "{76c849ba-8e93-46da-9e0c-d2224e11b851}",
                                            "visible": true
                                        },
                                        "marginBottom": {
                                            "enabled": true,
                                            "type": "integer",
                                            "value": 4,
                                            "visible": true
                                        },
                                        "marginLeft": {
                                            "enabled": true,
                                            "type": "integer",
                                            "value": 4,
                                            "visible": true
                                        },
                                        "marginRight": {
                                            "enabled": true,
                                            "type": "integer",
                                            "value": 4,
                                            "visible": true
                                        },
                                        "marginTop": {
                                            "enabled": true,
                                            "type": "integer",
                                            "value": 4,
                                            "visible": true
                                        },
                                        "name": {
                                            "enabled": true,
                                            "type": "text",
                                            "value": "circle_progressbarEnd",
                                            "visible": true
                                        },
                                        "originX": {
                                            "enabled": true,
                                            "type": "integer",
                                            "value": -1,
                                            "visible": true
                                        },
                                        "originY": {
                                            "enabled": true,
                                            "type": "integer",
                                            "value": 0,
                                            "visible": true
                                        },
                                        "radius": {
                                            "enabled": true,
                                            "type": "integer",
                                            "value": 3,
                                            "visible": true
                                        },
                                        "scheme": {
                                            "enabled": true,
                                            "type": "scheme",
                                            "value": "{399c5ee5-8891-49d0-abdf-279350717955}",
                                            "visible": true
                                        },
                                        "thickness": {
                                            "enabled": true,
                                            "type": "integer",
                                            "value": 3,
                                            "visible": true
                                        },
                                        "valign": {
                                            "enabled": true,
                                            "type": "combo",
                                            "value": 1,
                                            "visible": true
                                        },
                                        "visible": {
                                            "enabled": true,
                                            "type": "boolean",
                                            "value": true,
                                            "visible": true
                                        },
                                        "width": {
                                            "enabled": true,
                                            "type": "integer",
                                            "value": 12,
                                            "visible": true
                                        },
                                        "x": {
                                            "enabled": true,
                                            "type": "integer",
                                            "value": 7,
                                            "visible": true
                                        },
                                        "y": {
                                            "enabled": true,
                                            "type": "integer",
                                            "value": -2,
                                            "visible": true
                                        }
                                    },
                                    "type": "CircleWidget"
                                }
                            ],
                            "properties": {
                                "__categories": [
                                    {
                                        "expanded": true,
                                        "id": "widget",
                                        "visible": true
                                    },
                                    {
                                        "expanded": true,
                                        "id": "image",
                                        "visible": true
                                    },
                                    {
                                        "expanded": true,
                                        "id": "editorOptions",
                                        "visible": true
                                    }
                                ],
                                "__groups": [
                                    {
                                        "expanded": false,
                                        "id": "position",
                                        "visible": true
                                    },
                                    {
                                        "expanded": false,
                                        "id": "size",
                                        "visible": true
                                    },
                                    {
                                        "expanded": false,
                                        "id": "alignment",
                                        "visible": true
                                    },
                                    {
                                        "expanded": false,
                                        "id": "margins",
                                        "visible": true
                                    }
                                ],
                                "alphaEnable": {
                                    "enabled": true,
                                    "type": "boolean",
                                    "value": false,
                                    "visible": true
                                },
                                "alphaLevel": {
                                    "enabled": true,
                                    "type": "integer",
                                    "value": 255,
                                    "visible": true
                                },
                                "background": {
                                    "enabled": true,
                                    "type": "combo",
                                    "value": 0,
                                    "visible": true
                                },
                                "border": {
                                    "enabled": true,
                                    "type": "combo",
                                    "value": 0,
                                    "visible": true
                                },
                                "editorExpanded": {
                                    "enabled": true,
                                    "type": "boolean",
                                    "value": false,
                                    "visible": true
                                },
                                "editorHidden": {
                                    "enabled": true,
                                    "type": "boolean",
                                    "value": false,
                                    "visible": true
                                },
                                "editorLocked": {
                                    "enabled": true,
                                    "type": "boolean",
                                    "value": false,
                                    "visible": true
                                },
                                "enabled": {
                                    "enabled": true,
                                    "type": "boolean",
                                    "value": true,
                                    "visible": true
                                },
                                "halign": {
                                    "enabled": true,
                                    "type": "combo",
                                    "value": 1,
                                    "visible": true
                                },
                                "height": {
                                    "enabled": true,
                                    "type": "integer",
                                    "value": 8,
                                    "visible": true
                                },
                                "id": {
                                    "enabled": true,
                                    "type": "uuid",
                                    "value": "{98ad3192-0b1e-4fab-a822-8e60ddb3cff2}",
                                    "visible": true
                                },
                                "image": {
                                    "enabled": true,
                                    "type": "image",
                                    "value": "{25334f35-81d2-4817-b211-89fb3d011c37}",
                                    "visible": true
                                },
                                "marginBottom": {
                                    "enabled": true,
                                    "type": "integer",
                                    "value": 4,
                                    "visible": true
                                },
                                "marginLeft": {
                                    "enabled": true,
                                    "type": "integer",
                                    "value": 4,
                                    "visible": true
                                },
                                "marginRight": {
                                    "enabled": true,
                                    "type": "integer",
                                    "value": 4,
                                    "visible": true
                                },
                                "marginTop": {
                                    "enabled": true,
                                    "type": "integer",
                                    "value": 4,
                                    "visible": true
                                },
                                "name": {
                                    "enabled": true,
                                    "type": "text",
                                    "value": "image_progressbarBase",
                                    "visible": true
                                },
                                "scheme": {
                                    "enabled": true,
                                    "type": "scheme",
                                    "value": "{00000000-0000-0000-0000-000000000000}",
                                    "visible": true
                                },
                                "valign": {
                                    "enabled": true,
                                    "type": "combo",
                                    "value": 1,
                                    "visible": true
                                },
                                "visible": {
                                    "enabled": true,
                                    "type": "boolean",
                                    "value": true,
                                    "visible": true
                                },
                                "width": {
                                    "enabled": true,
                                    "type": "integer",
                                    "value": 408,
                                    "visible": true
                                },
                                "x": {
                                    "enabled": true,
                                    "type": "integer",
                                    "value": 440,
                                    "visible": true
                                },
                                "y": {
                                    "enabled": true,
                                    "type": "integer",
                                    "value": 482,
                                    "visible": true
                                }
                            },
                            "type": "ImageWidget"
                        }
                    ],
                    "properties": {
                        "__categories": [
                            {
                                "expanded": true,
                                "id": "widget",
                                "visible": true
                            },
                            {
                                "expanded": true,
                                "id": "editorOptions",
                                "visible": true
                            }
                        ],
                        "__groups": [
                            {
                                "expanded": false,
                                "id": "position",
                                "visible": true
                            },
                            {
                                "expanded": false,
                                "id": "size",
                                "visible": true
                            },
                            {
                                "expanded": false,
                                "id": "alignment",
                                "visible": true
                            },
                            {
                                "expanded": false,
                                "id": "margins",
                                "visible": true
                            }
                        ],
                        "alphaEnable": {
                            "enabled": true,
                            "type": "boolean",
                            "value": false,
                            "visible": true
                        },
                        "alphaLevel": {
                            "enabled": true,
                            "type": "integer",
                            "value": 255,
                            "visible": true
                        },
                        "background": {
                            "enabled": true,
                            "type": "combo",
                            "value": 1,
                            "visible": true
                        },
                        "border": {
                            "enabled": true,
                            "type": "combo",
                            "value": 0,
                            "visible": true
                        },
                        "editorExpanded": {
                            "enabled": true,
                            "type": "boolean",
                            "value": false,
                            "visible": true
                        },
                        "editorHidden": {
                            "enabled": true,
                            "type": "boolean",
                            "value": false,
                            "visible": true
                        },
                        "editorLocked": {
                            "enabled": true,
                            "type": "boolean",
                            "value": false,
                            "visible": true
                        },
                        "enabled": {
                            "enabled": true,
                            "type": "boolean",
                            "value": true,
                            "visible": true
                        },
                        "halign": {
                            "enabled": true,
                            "type": "combo",
                            "value": 1,
                            "visible": true
                        },
                        "height": {
                            "enabled": true,
                            "type": "integer",
                            "value": 800,
                            "visible": true
                        },
                        "id": {
                            "enabled": true,
                            "type": "uuid",
                            "value": "{a9193cf8-944c-4ddc-95b1-3a02c9da8ccf}",
                            "visible": true
                        },
                        "marginBottom": {
                            "enabled": true,
                            "type": "integer",
                            "value": 4,
                            "visible": true
                        },
                        "marginLeft": {
                            "enabled": true,
                            "type": "integer",
                            "value": 4,
                            "visible": true
                        },
                        "marginRight": {
                            "enabled": true,
                            "type": "integer",
                            "value": 4,
                            "visible": true
                        },
                        "marginTop": {
                            "enabled": true,
                            "type": "integer",
                            "value": 4,
                            "visible": true
                        },
                        "name": {
                            "enabled": true,
                            "type": "text",
                            "value": "panel_Background",
                            "visible": true
                        },
                        "scheme": {
                            "enabled": true,
                            "type": "scheme",
                            "value": "{9368c865-c204-4ed6-9742-679a0e691fe7}",
                            "visible": true
                        },
                        "valign": {
                            "enabled": true,
                            "type": "combo",
                            "value": 1,
                            "visible": true
                        },
                        "visible": {
                            "enabled": true,
                            "type": "boolean",
                            "value": true,
                            "visible": true
                        },
                        "width": {
                            "enabled": true,
                            "type": "integer",
                            "value": 1280,
                            "visible": true
                        },
                        "x": {
                            "enabled": true,
                            "type": "integer",
                            "value": 0,
                            "visible": true
                        },
                        "y": {
                            "enabled": true,
                            "type": "integer",
                            "value": 0,
                            "visible": true
                        }
                    },
                    "type": "PanelWidget"
                }
            ],
            "properties": {
                "__categories": [
                    {
                        "expanded": true,
                        "id": "LayerObject",
                        "visible": true
                    },
                    {
                        "expanded": true,
                        "id": "editorOptions",
                        "visible": true
                    }
                ],
                "__groups": [
                    {
                        "expanded": false,
                        "id": "position",
                        "visible": false
                    },
                    {
                        "expanded": false,
                        "id": "size",
                        "visible": false
                    },
                    {
                        "expanded": false,
                        "id": "alignment",
                        "visible": true
                    },
                    {
                        "expanded": false,
                        "id": "margins",
                        "visible": true
                    }
                ],
                "alphaEnable": {
                    "enabled": true,
                    "type": "boolean",
                    "value": false,
                    "visible": true
                },
                "alphaLevel": {
                    "enabled": true,
                    "type": "integer",
                    "value": 255,
                    "visible": true
                },
                "background": {
                    "enabled": true,
                    "type": "combo",
                    "value": 1,
                    "visible": true
                },
                "border": {
                    "enabled": true,
                    "type": "combo",
                    "value": 0,
                    "visible": true
                },
                "clearMode": {
                    "enabled": true,
                    "type": "combo",
                    "value": 0,
                    "visible": true
                },
                "colorMode": {
                    "enabled": true,
                    "type": "combo",
                    "value": 6,
                    "visible": true
                },
                "editorExpanded": {
                    "enabled": true,
                    "type": "boolean",
                    "value": true,
                    "visible": true
                },
                "editorHidden": {
                    "enabled": true,
                    "type": "boolean",
                    "value": false,
                    "visible": true
                },
                "editorLocked": {
                    "enabled": true,
                    "type": "boolean",
                    "value": false,
                    "visible": true
                },
                "enabled": {
                    "enabled": true,
                    "type": "boolean",
                    "value": true,
                    "visible": true
                },
                "halign": {
                    "enabled": true,
                    "type": "combo",
                    "value": 1,
                    "visible": true
                },
                "height": {
                    "enabled": true,
                    "type": "integer",
                    "value": 100,
                    "visible": true
                },
                "id": {
                    "enabled": true,
                    "type": "uuid",
                    "value": "{6ee1adf2-bee1-498e-b9f5-065a7808fb63}",
                    "visible": true
                },
                "marginBottom": {
                    "enabled": true,
                    "type": "integer",
                    "value": 4,
                    "visible": true
                },
                "marginLeft": {
                    "enabled": true,
                    "type": "integer",
                    "value": 4,
                    "visible": true
                },
                "marginRight": {
                    "enabled": true,
                    "type": "integer",
                    "value": 4,
                    "visible": true
                },
                "marginTop": {
                    "enabled": true,
                    "type": "integer",
                    "value": 4,
                    "visible": true
                },
                "name": {
                    "enabled": true,
                    "type": "text",
                    "value": "Layer_0",
                    "visible": true
                },
                "renderMode": {
                    "enabled": true,
                    "type": "combo",
                    "value": 1,
                    "visible": true
                },
                "scheme": {
                    "enabled": true,
                    "type": "scheme",
                    "value": "{00000000-0000-0000-0000-000000000000}",
                    "visible": true
                },
                "sizeLocked": {
                    "enabled": true,
                    "type": "boolean",
                    "value": true,
                    "visible": true
                },
                "valign": {
                    "enabled": true,
                    "type": "combo",
                    "value": 1,
                    "visible": true
                },
                "visible": {
                    "enabled": true,
                    "type": "boolean",
                    "value": true,
                    "visible": true
                },
                "width": {
                    "enabled": true,
                    "type": "integer",
                    "value": 100,
                    "visible": true
                },
                "x": {
                    "enabled": true,
                    "type": "integer",
                    "value": 0,
                    "visible": true
                },
                "y": {
                    "enabled": true,
                    "type": "integer",
                    "value": 0,
                    "visible": true
                }
            }
        },
        {
            "properties": {
                "__categories": [
                    {
                        "expanded": true,
                        "id": "LayerObject",
                        "visible": true
                    },
                    {
                        "expanded": true,
                        "id": "editorOptions",
                        "visible": true
                    }
                ],
                "__groups": [
                    {
                        "expanded": false,
                        "id": "position",
                        "visible": false
                    },
                    {
                        "expanded": false,
                        "id": "size",
                        "visible": false
                    },
                    {
                        "expanded": false,
                        "id": "alignment",
                        "visible": true
                    },
                    {
                        "expanded": false,
                        "id": "margins",
                        "visible": true
                    }
                ],
                "alphaEnable": {
                    "enabled": true,
                    "type": "boolean",
                    "value": false,
                    "visible": true
                },
                "alphaLevel": {
                    "enabled": true,
                    "type": "integer",
                    "value": 255,
                    "visible": true
                },
                "background": {
                    "enabled": true,
                    "type": "combo",
                    "value": 1,
                    "visible": true
                },
                "border": {
                    "enabled": true,
                    "type": "combo",
                    "value": 0,
                    "visible": true
                },
                "clearMode": {
                    "enabled": true,
                    "type": "combo",
                    "value": 0,
                    "visible": true
                },
                "colorMode": {
                    "enabled": true,
                    "type": "combo",
                    "value": 6,
                    "visible": true
                },
                "editorExpanded": {
                    "enabled": true,
                    "type": "boolean",
                    "value": true,
                    "visible": true
                },
                "editorHidden": {
                    "enabled": true,
                    "type": "boolean",
                    "value": false,
                    "visible": true
                },
                "editorLocked": {
                    "enabled": true,
                    "type": "boolean",
                    "value": false,
                    "visible": true
                },
                "enabled": {
                    "enabled": true,
                    "type": "boolean",
                    "value": true,
                    "visible": true
                },
                "halign": {
                    "enabled": true,
                    "type": "combo",
                    "value": 1,
                    "visible": true
                },
                "height": {
                    "enabled": true,
                    "type": "integer",
                    "value": 100,
                    "visible": true
                },
                "id": {
                    "enabled": true,
                    "type": "uuid",
                    "value": "{5be1c478-28b3-4d25-8ce8-c6ba1dd6d811}",
                    "visible": true
                },
                "marginBottom": {
                    "enabled": true,
                    "type": "integer",
                    "value": 4,
                    "visible": true
                },
                "marginLeft": {
                    "enabled": true,
                    "type": "integer",
                    "value": 4,
                    "visible": true
                },
                "marginRight": {
                    "enabled": true,
                    "type": "integer",
                    "value": 4,
                    "visible": true
                },
                "marginTop": {
                    "enabled": true,
                    "type": "integer",
                    "value": 4,
                    "visible": true
                },
                "name": {
                    "enabled": true,
                    "type": "text",
                    "value": "Layer_1",
                    "visible": true
                },
                "renderMode": {
                    "enabled": true,
                    "type": "combo",
                    "value": 1,
                    "visible": true
                },
                "scheme": {
                    "enabled": true,
                    "type": "scheme",
                    "value": "{00000000-0000-0000-0000-000000000000}",
                    "visible": true
                },
                "sizeLocked": {
                    "enabled": true,
                    "type": "boolean",
                    "value": true,
                    "visible": true
                },
                "valign": {
                    "enabled": true,
                    "type": "combo",
                    "value": 1,
                    "visible": true
                },
                "visible": {
                    "enabled": true,
                    "type": "boolean",
                    "value": true,
                    "visible": true
                },
                "width": {
                    "enabled": true,
                    "type": "integer",
                    "value": 100,
                    "visible": true
                },
                "x": {
                    "enabled": true,
                    "type": "integer",
                    "value": 0,
                    "visible": true
                },
                "y": {
                    "enabled": true,
                    "type": "integer",
                    "value": 0,
                    "visible": true
                }
            }
        }
    ],
    "properties": {
        "__categories": [
            {
                "expanded": true,
                "id": "screen",
                "visible": true
            },
            {
                "expanded": true,
                "id": "event",
                "visible": true
            }
        ],
        "__groups": [
        ],
        "createAtStartup": {
            "enabled": true,
            "type": "boolean",
            "value": false,
            "visible": false
        },
        "enabled": {
            "enabled": true,
            "type": "boolean",
            "value": true,
            "visible": true
        },
        "id": {
            "enabled": true,
            "type": "uuid",
            "value": "{65676311-0435-4a68-8272-068088fefb29}",
            "visible": true
        },
        "name": {
            "enabled": true,
            "type": "text",
            "value": "SplashScreen",
            "visible": true
        },
        "persistent": {
            "enabled": true,
            "type": "boolean",
            "value": false,
            "visible": true
        }
    }
}
