{
    "bindings": [
        {
            "font": "{1104e373-34a1-4764-8ea2-d517246c4851}",
            "language": "{ef04f412-52e8-4616-8223-41437d86ca6e}",
            "string": "{1983e0c6-789a-4981-975d-af1a13b45a73}"
        },
        {
            "font": "{21f07d3e-c29c-44d6-b966-9d1a40af54e5}",
            "language": "{ef04f412-52e8-4616-8223-41437d86ca6e}",
            "string": "{1e6391c9-4a66-4005-b598-a0b02a371ca2}"
        },
        {
            "font": "{44e27c49-a0ab-4cb1-b21d-a234d4cdb310}",
            "language": "{ef04f412-52e8-4616-8223-41437d86ca6e}",
            "string": "{25769794-6ea5-44a4-b24b-1013b75e0237}"
        },
        {
            "font": "{f53678a6-b3a8-42ad-aa6d-e3a03a9c4f50}",
            "language": "{ef04f412-52e8-4616-8223-41437d86ca6e}",
            "string": "{08e101aa-096f-4877-886b-d08e83e5cc3c}"
        },
        {
            "font": "{547574eb-f240-415a-ba44-2befc8bc204a}",
            "language": "{ef04f412-52e8-4616-8223-41437d86ca6e}",
            "string": "{093addb0-d45d-4d55-902c-96717f6ecbdd}"
        },
        {
            "font": "{547574eb-f240-415a-ba44-2befc8bc204a}",
            "language": "{ef04f412-52e8-4616-8223-41437d86ca6e}",
            "string": "{1181ecfc-93ec-4bf3-8643-bf8e4a7d1885}"
        },
        {
            "font": "{547574eb-f240-415a-ba44-2befc8bc204a}",
            "language": "{ef04f412-52e8-4616-8223-41437d86ca6e}",
            "string": "{2b0bee4a-8be9-4f36-bbbb-9a88a87ae064}"
        },
        {
            "font": "{547574eb-f240-415a-ba44-2befc8bc204a}",
            "language": "{ef04f412-52e8-4616-8223-41437d86ca6e}",
            "string": "{327c71e2-984f-4fb5-8b93-8b8350fbc015}"
        },
        {
            "font": "{1104e373-34a1-4764-8ea2-d517246c4851}",
            "language": "{ef04f412-52e8-4616-8223-41437d86ca6e}",
            "string": "{3f3d5db9-82cc-4178-bc47-6032541dd9a4}"
        },
        {
            "font": "{547574eb-f240-415a-ba44-2befc8bc204a}",
            "language": "{ef04f412-52e8-4616-8223-41437d86ca6e}",
            "string": "{5c8b8a90-665b-4a5c-8a4c-5378d0562659}"
        },
        {
            "font": "{1104e373-34a1-4764-8ea2-d517246c4851}",
            "language": "{ef04f412-52e8-4616-8223-41437d86ca6e}",
            "string": "{66bd6603-2277-441b-bc2c-e8788bb79750}"
        },
        {
            "font": "{f53678a6-b3a8-42ad-aa6d-e3a03a9c4f50}",
            "language": "{ef04f412-52e8-4616-8223-41437d86ca6e}",
            "string": "{673e6ea7-eee3-453b-8a9f-9e55f8345eed}"
        },
        {
            "font": "{f53678a6-b3a8-42ad-aa6d-e3a03a9c4f50}",
            "language": "{ef04f412-52e8-4616-8223-41437d86ca6e}",
            "string": "{8620161d-a6c5-4a6d-be5d-61fae71cfb1b}"
        },
        {
            "font": "{1104e373-34a1-4764-8ea2-d517246c4851}",
            "language": "{ef04f412-52e8-4616-8223-41437d86ca6e}",
            "string": "{8bec3ce8-ffd0-46a6-991a-7631c4a83f2f}"
        },
        {
            "font": "{44e27c49-a0ab-4cb1-b21d-a234d4cdb310}",
            "language": "{ef04f412-52e8-4616-8223-41437d86ca6e}",
            "string": "{b4aec7c5-3dc7-480c-a436-50ed138ba084}"
        },
        {
            "font": "{547574eb-f240-415a-ba44-2befc8bc204a}",
            "language": "{ef04f412-52e8-4616-8223-41437d86ca6e}",
            "string": "{91d997f5-ab4b-4d99-bc4a-136d5c89ab1c}"
        },
        {
            "font": "{547574eb-f240-415a-ba44-2befc8bc204a}",
            "language": "{ef04f412-52e8-4616-8223-41437d86ca6e}",
            "string": "{9391ca55-901b-4bf6-a53a-939a1d35c036}"
        },
        {
            "font": "{547574eb-f240-415a-ba44-2befc8bc204a}",
            "language": "{ef04f412-52e8-4616-8223-41437d86ca6e}",
            "string": "{93efdb7c-4cec-4d46-8274-a16871212939}"
        },
        {
            "font": "{547574eb-f240-415a-ba44-2befc8bc204a}",
            "language": "{ef04f412-52e8-4616-8223-41437d86ca6e}",
            "string": "{94f7bee2-ca17-4efc-aa9e-822396ad14e5}"
        },
        {
            "font": "{547574eb-f240-415a-ba44-2befc8bc204a}",
            "language": "{ef04f412-52e8-4616-8223-41437d86ca6e}",
            "string": "{a28a1be4-1221-47f2-86c5-603f02302155}"
        },
        {
            "font": "{547574eb-f240-415a-ba44-2befc8bc204a}",
            "language": "{ef04f412-52e8-4616-8223-41437d86ca6e}",
            "string": "{ad73abb3-d568-4c75-be75-6b30b25a16c7}"
        },
        {
            "font": "{547574eb-f240-415a-ba44-2befc8bc204a}",
            "language": "{ef04f412-52e8-4616-8223-41437d86ca6e}",
            "string": "{b5613880-5f13-452e-b2e4-45ec117fcbc2}"
        },
        {
            "font": "{547574eb-f240-415a-ba44-2befc8bc204a}",
            "language": "{ef04f412-52e8-4616-8223-41437d86ca6e}",
            "string": "{b9790627-f075-4dfc-b4e4-5b3879ae2014}"
        },
        {
            "font": "{1104e373-34a1-4764-8ea2-d517246c4851}",
            "language": "{ef04f412-52e8-4616-8223-41437d86ca6e}",
            "string": "{d69599bf-c195-436c-b526-d40b5fffe110}"
        },
        {
            "font": "{547574eb-f240-415a-ba44-2befc8bc204a}",
            "language": "{ef04f412-52e8-4616-8223-41437d86ca6e}",
            "string": "{d11c965d-0018-402b-8eb2-6c5c11447757}"
        },
        {
            "font": "{547574eb-f240-415a-ba44-2befc8bc204a}",
            "language": "{ef04f412-52e8-4616-8223-41437d86ca6e}",
            "string": "{d1710c2f-b6c9-4d85-94ed-91edad3d030b}"
        },
        {
            "font": "{547574eb-f240-415a-ba44-2befc8bc204a}",
            "language": "{ef04f412-52e8-4616-8223-41437d86ca6e}",
            "string": "{d1da4875-59c5-425e-9dfc-709d21280f51}"
        },
        {
            "font": "{547574eb-f240-415a-ba44-2befc8bc204a}",
            "language": "{ef04f412-52e8-4616-8223-41437d86ca6e}",
            "string": "{d5bc7f79-5764-4d94-a15b-b04b9aa56d7e}"
        },
        {
            "font": "{547574eb-f240-415a-ba44-2befc8bc204a}",
            "language": "{ef04f412-52e8-4616-8223-41437d86ca6e}",
            "string": "{e080f96f-b5e2-4e7b-8f62-f976e827f9d4}"
        },
        {
            "font": "{547574eb-f240-415a-ba44-2befc8bc204a}",
            "language": "{ef04f412-52e8-4616-8223-41437d86ca6e}",
            "string": "{e13427ab-9372-4dcb-8c79-a8466e9a7c6a}"
        },
        {
            "font": "{547574eb-f240-415a-ba44-2befc8bc204a}",
            "language": "{ef04f412-52e8-4616-8223-41437d86ca6e}",
            "string": "{e523d5cf-df26-41df-9422-71487fc0cad5}"
        },
        {
            "font": "{547574eb-f240-415a-ba44-2befc8bc204a}",
            "language": "{ef04f412-52e8-4616-8223-41437d86ca6e}",
            "string": "{f7d78d65-5c38-4464-aa29-51ebd01ba531}"
        },
        {
            "font": "{f53678a6-b3a8-42ad-aa6d-e3a03a9c4f50}",
            "language": "{ef04f412-52e8-4616-8223-41437d86ca6e}",
            "string": "{03ea0566-86fe-421d-8464-8e7c9a5b587d}"
        },
        {
            "font": "{8e5c25d9-9efb-4f31-ae88-31733f49b47c}",
            "language": "{ef04f412-52e8-4616-8223-41437d86ca6e}",
            "string": "{14f42f17-c804-471c-860c-64e75255abd1}"
        },
        {
            "font": "{904569ce-f2a3-4627-8564-6493ba6b1538}",
            "language": "{ef04f412-52e8-4616-8223-41437d86ca6e}",
            "string": "{1d520519-231f-4fb9-b6cb-cae9c1c535c4}"
        },
        {
            "font": "{904569ce-f2a3-4627-8564-6493ba6b1538}",
            "language": "{ef04f412-52e8-4616-8223-41437d86ca6e}",
            "string": "{55736368-226e-4f2a-97b3-04e84fc70098}"
        },
        {
            "font": "{904569ce-f2a3-4627-8564-6493ba6b1538}",
            "language": "{ef04f412-52e8-4616-8223-41437d86ca6e}",
            "string": "{6c23793f-7054-4393-92e3-29290b9e92f1}"
        },
        {
            "font": "{f53678a6-b3a8-42ad-aa6d-e3a03a9c4f50}",
            "language": "{ef04f412-52e8-4616-8223-41437d86ca6e}",
            "string": "{706ab64b-04fa-4e8d-8f0d-4fdaeaea6f28}"
        },
        {
            "font": "{8e5c25d9-9efb-4f31-ae88-31733f49b47c}",
            "language": "{ef04f412-52e8-4616-8223-41437d86ca6e}",
            "string": "{85f0f8f1-3e2a-4808-a7f6-d9a96e6254a1}"
        },
        {
            "font": "{8e5c25d9-9efb-4f31-ae88-31733f49b47c}",
            "language": "{ef04f412-52e8-4616-8223-41437d86ca6e}",
            "string": "{8cd64461-aa7e-420b-a37b-25ba754bca3b}"
        },
        {
            "font": "{904569ce-f2a3-4627-8564-6493ba6b1538}",
            "language": "{ef04f412-52e8-4616-8223-41437d86ca6e}",
            "string": "{91fa39fb-8e3b-4283-8447-8bb827852ec5}"
        },
        {
            "font": "{904569ce-f2a3-4627-8564-6493ba6b1538}",
            "language": "{ef04f412-52e8-4616-8223-41437d86ca6e}",
            "string": "{925c6f5f-cde4-49cd-b5e8-5ad645ba945a}"
        },
        {
            "font": "{904569ce-f2a3-4627-8564-6493ba6b1538}",
            "language": "{ef04f412-52e8-4616-8223-41437d86ca6e}",
            "string": "{94355666-34f1-407b-89d4-8ae1987fcb1c}"
        },
        {
            "font": "{904569ce-f2a3-4627-8564-6493ba6b1538}",
            "language": "{ef04f412-52e8-4616-8223-41437d86ca6e}",
            "string": "{b6e73883-8c59-45a1-8f2e-f2342d80d451}"
        },
        {
            "font": "{904569ce-f2a3-4627-8564-6493ba6b1538}",
            "language": "{ef04f412-52e8-4616-8223-41437d86ca6e}",
            "string": "{bcf725e4-9f54-4245-bead-6925b4563e7d}"
        },
        {
            "font": "{f53678a6-b3a8-42ad-aa6d-e3a03a9c4f50}",
            "language": "{ef04f412-52e8-4616-8223-41437d86ca6e}",
            "string": "{bdad4345-c1e4-4644-95bb-e460a2566b73}"
        },
        {
            "font": "{904569ce-f2a3-4627-8564-6493ba6b1538}",
            "language": "{ef04f412-52e8-4616-8223-41437d86ca6e}",
            "string": "{c8093c0c-2eeb-4f8b-a6d9-2ad0341b692c}"
        },
        {
            "font": "{904569ce-f2a3-4627-8564-6493ba6b1538}",
            "language": "{ef04f412-52e8-4616-8223-41437d86ca6e}",
            "string": "{d1395c55-97d1-4953-b3b5-3bf3124f4aa0}"
        },
        {
            "font": "{f53678a6-b3a8-42ad-aa6d-e3a03a9c4f50}",
            "language": "{ef04f412-52e8-4616-8223-41437d86ca6e}",
            "string": "{d2c9ee29-71a0-4a55-922f-5d2516ebf322}"
        },
        {
            "font": "{904569ce-f2a3-4627-8564-6493ba6b1538}",
            "language": "{ef04f412-52e8-4616-8223-41437d86ca6e}",
            "string": "{e2557357-5c96-4ffd-b2f2-1d7322308902}"
        },
        {
            "font": "{904569ce-f2a3-4627-8564-6493ba6b1538}",
            "language": "{ef04f412-52e8-4616-8223-41437d86ca6e}",
            "string": "{e4be5370-cacb-4160-aee2-119b2890d8bb}"
        }
    ],
    "defaultLanguage": "{ef04f412-52e8-4616-8223-41437d86ca6e}",
    "encoding": "ASCII",
    "languages": [
        {
            "properties": {
                "__categories": [
                ],
                "__groups": [
                ],
                "enabled": {
                    "enabled": true,
                    "type": "boolean",
                    "value": true,
                    "visible": true
                },
                "id": {
                    "enabled": true,
                    "type": "uuid",
                    "value": "{ef04f412-52e8-4616-8223-41437d86ca6e}",
                    "visible": true
                },
                "name": {
                    "enabled": true,
                    "type": "text",
                    "value": "Default",
                    "visible": true
                }
            }
        }
    ],
    "paths": [
    ],
    "strings": [
        {
            "properties": {
                "__categories": [
                ],
                "__groups": [
                ],
                "description": {
                    "enabled": true,
                    "type": "text",
                    "value": "",
                    "visible": true
                },
                "id": {
                    "enabled": true,
                    "type": "uuid",
                    "value": "{03ea0566-86fe-421d-8464-8e7c9a5b587d}",
                    "visible": true
                },
                "name": {
                    "enabled": true,
                    "type": "text",
                    "value": "date_example",
                    "visible": true
                },
                "path": {
                    "enabled": true,
                    "type": "text",
                    "value": "/",
                    "visible": true
                }
            },
            "values": [
                {
                    "language": "{ef04f412-52e8-4616-8223-41437d86ca6e}",
                    "value": "Thursday, Oct. 24"
                }
            ]
        },
        {
            "properties": {
                "__categories": [
                ],
                "__groups": [
                ],
                "description": {
                    "enabled": true,
                    "type": "text",
                    "value": "",
                    "visible": true
                },
                "id": {
                    "enabled": true,
                    "type": "uuid",
                    "value": "{08e101aa-096f-4877-886b-d08e83e5cc3c}",
                    "visible": true
                },
                "name": {
                    "enabled": true,
                    "type": "text",
                    "value": "figmaStr_DevicesActive",
                    "visible": true
                },
                "path": {
                    "enabled": true,
                    "type": "text",
                    "value": "/",
                    "visible": true
                }
            },
            "values": [
                {
                    "language": "{ef04f412-52e8-4616-8223-41437d86ca6e}",
                    "value": "Devices\\nActive"
                }
            ]
        },
        {
            "properties": {
                "__categories": [
                ],
                "__groups": [
                ],
                "description": {
                    "enabled": true,
                    "type": "text",
                    "value": "",
                    "visible": true
                },
                "id": {
                    "enabled": true,
                    "type": "uuid",
                    "value": "{093addb0-d45d-4d55-902c-96717f6ecbdd}",
                    "visible": true
                },
                "name": {
                    "enabled": true,
                    "type": "text",
                    "value": "Bedroom",
                    "visible": true
                },
                "path": {
                    "enabled": true,
                    "type": "text",
                    "value": "/",
                    "visible": true
                }
            },
            "values": [
                {
                    "language": "{ef04f412-52e8-4616-8223-41437d86ca6e}",
                    "value": "Bedroom"
                }
            ]
        },
        {
            "properties": {
                "__categories": [
                ],
                "__groups": [
                ],
                "description": {
                    "enabled": true,
                    "type": "text",
                    "value": "",
                    "visible": true
                },
                "id": {
                    "enabled": true,
                    "type": "uuid",
                    "value": "{0d640d3a-3c98-4ef4-87eb-717ef00d3060}",
                    "visible": true
                },
                "name": {
                    "enabled": true,
                    "type": "text",
                    "value": "figmaStr_Living_Room_Camera",
                    "visible": true
                },
                "path": {
                    "enabled": true,
                    "type": "text",
                    "value": "/",
                    "visible": true
                }
            },
            "values": [
                {
                    "language": "{ef04f412-52e8-4616-8223-41437d86ca6e}",
                    "value": "Living Room Camera"
                }
            ]
        },
        {
            "properties": {
                "__categories": [
                ],
                "__groups": [
                ],
                "description": {
                    "enabled": true,
                    "type": "text",
                    "value": "",
                    "visible": true
                },
                "id": {
                    "enabled": true,
                    "type": "uuid",
                    "value": "{1181ecfc-93ec-4bf3-8643-bf8e4a7d1885}",
                    "visible": true
                },
                "name": {
                    "enabled": true,
                    "type": "text",
                    "value": "devices",
                    "visible": true
                },
                "path": {
                    "enabled": true,
                    "type": "text",
                    "value": "/",
                    "visible": true
                }
            },
            "values": [
                {
                    "language": "{ef04f412-52e8-4616-8223-41437d86ca6e}",
                    "value": "Devices"
                }
            ]
        },
        {
            "properties": {
                "__categories": [
                ],
                "__groups": [
                ],
                "description": {
                    "enabled": true,
                    "type": "text",
                    "value": "",
                    "visible": true
                },
                "id": {
                    "enabled": true,
                    "type": "uuid",
                    "value": "{14f42f17-c804-471c-860c-64e75255abd1}",
                    "visible": true
                },
                "name": {
                    "enabled": true,
                    "type": "text",
                    "value": "three",
                    "visible": true
                },
                "path": {
                    "enabled": true,
                    "type": "text",
                    "value": "/",
                    "visible": true
                }
            },
            "values": [
                {
                    "language": "{ef04f412-52e8-4616-8223-41437d86ca6e}",
                    "value": "3"
                }
            ]
        },
        {
            "properties": {
                "__categories": [
                ],
                "__groups": [
                ],
                "description": {
                    "enabled": true,
                    "type": "text",
                    "value": "",
                    "visible": true
                },
                "id": {
                    "enabled": true,
                    "type": "uuid",
                    "value": "{1983e0c6-789a-4981-975d-af1a13b45a73}",
                    "visible": true
                },
                "name": {
                    "enabled": true,
                    "type": "text",
                    "value": "warning",
                    "visible": true
                },
                "path": {
                    "enabled": true,
                    "type": "text",
                    "value": "/",
                    "visible": true
                }
            },
            "values": [
                {
                    "language": "{ef04f412-52e8-4616-8223-41437d86ca6e}",
                    "value": "!   \"Living Room\" Window Open"
                }
            ]
        },
        {
            "properties": {
                "__categories": [
                ],
                "__groups": [
                ],
                "description": {
                    "enabled": true,
                    "type": "text",
                    "value": "",
                    "visible": true
                },
                "id": {
                    "enabled": true,
                    "type": "uuid",
                    "value": "{1d520519-231f-4fb9-b6cb-cae9c1c535c4}",
                    "visible": true
                },
                "name": {
                    "enabled": true,
                    "type": "text",
                    "value": "WindowB",
                    "visible": true
                },
                "path": {
                    "enabled": true,
                    "type": "text",
                    "value": "/",
                    "visible": true
                }
            },
            "values": [
                {
                    "language": "{ef04f412-52e8-4616-8223-41437d86ca6e}",
                    "value": "Window"
                }
            ]
        },
        {
            "properties": {
                "__categories": [
                ],
                "__groups": [
                ],
                "description": {
                    "enabled": true,
                    "type": "text",
                    "value": "",
                    "visible": true
                },
                "id": {
                    "enabled": true,
                    "type": "uuid",
                    "value": "{1e6391c9-4a66-4005-b598-a0b02a371ca2}",
                    "visible": true
                },
                "name": {
                    "enabled": true,
                    "type": "text",
                    "value": "TemperatureExample",
                    "visible": true
                },
                "path": {
                    "enabled": true,
                    "type": "text",
                    "value": "/",
                    "visible": true
                }
            },
            "values": [
                {
                    "language": "{ef04f412-52e8-4616-8223-41437d86ca6e}",
                    "value": "75"
                }
            ]
        },
        {
            "properties": {
                "__categories": [
                ],
                "__groups": [
                ],
                "description": {
                    "enabled": true,
                    "type": "text",
                    "value": "",
                    "visible": true
                },
                "id": {
                    "enabled": true,
                    "type": "uuid",
                    "value": "{25769794-6ea5-44a4-b24b-1013b75e0237}",
                    "visible": true
                },
                "name": {
                    "enabled": true,
                    "type": "text",
                    "value": "home",
                    "visible": true
                },
                "path": {
                    "enabled": true,
                    "type": "text",
                    "value": "/",
                    "visible": true
                }
            },
            "values": [
                {
                    "language": "{ef04f412-52e8-4616-8223-41437d86ca6e}",
                    "value": "Home"
                }
            ]
        },
        {
            "properties": {
                "__categories": [
                ],
                "__groups": [
                ],
                "description": {
                    "enabled": true,
                    "type": "text",
                    "value": "",
                    "visible": true
                },
                "id": {
                    "enabled": true,
                    "type": "uuid",
                    "value": "{2b0bee4a-8be9-4f36-bbbb-9a88a87ae064}",
                    "visible": true
                },
                "name": {
                    "enabled": true,
                    "type": "text",
                    "value": "kichen",
                    "visible": true
                },
                "path": {
                    "enabled": true,
                    "type": "text",
                    "value": "/",
                    "visible": true
                }
            },
            "values": [
                {
                    "language": "{ef04f412-52e8-4616-8223-41437d86ca6e}",
                    "value": "Kichen"
                }
            ]
        },
        {
            "properties": {
                "__categories": [
                ],
                "__groups": [
                ],
                "description": {
                    "enabled": true,
                    "type": "text",
                    "value": "",
                    "visible": true
                },
                "id": {
                    "enabled": true,
                    "type": "uuid",
                    "value": "{327c71e2-984f-4fb5-8b93-8b8350fbc015}",
                    "visible": true
                },
                "name": {
                    "enabled": true,
                    "type": "text",
                    "value": "SleepMode",
                    "visible": true
                },
                "path": {
                    "enabled": true,
                    "type": "text",
                    "value": "/",
                    "visible": true
                }
            },
            "values": [
                {
                    "language": "{ef04f412-52e8-4616-8223-41437d86ca6e}",
                    "value": "Sleep"
                }
            ]
        },
        {
            "properties": {
                "__categories": [
                ],
                "__groups": [
                ],
                "description": {
                    "enabled": true,
                    "type": "text",
                    "value": "",
                    "visible": true
                },
                "id": {
                    "enabled": true,
                    "type": "uuid",
                    "value": "{3f3d5db9-82cc-4178-bc47-6032541dd9a4}",
                    "visible": true
                },
                "name": {
                    "enabled": true,
                    "type": "text",
                    "value": "CLOSED",
                    "visible": true
                },
                "path": {
                    "enabled": true,
                    "type": "text",
                    "value": "/",
                    "visible": true
                }
            },
            "values": [
                {
                    "language": "{ef04f412-52e8-4616-8223-41437d86ca6e}",
                    "value": "CLOSED"
                }
            ]
        },
        {
            "properties": {
                "__categories": [
                ],
                "__groups": [
                ],
                "description": {
                    "enabled": true,
                    "type": "text",
                    "value": "",
                    "visible": true
                },
                "id": {
                    "enabled": true,
                    "type": "uuid",
                    "value": "{55736368-226e-4f2a-97b3-04e84fc70098}",
                    "visible": true
                },
                "name": {
                    "enabled": true,
                    "type": "text",
                    "value": "TVB",
                    "visible": true
                },
                "path": {
                    "enabled": true,
                    "type": "text",
                    "value": "/",
                    "visible": true
                }
            },
            "values": [
                {
                    "language": "{ef04f412-52e8-4616-8223-41437d86ca6e}",
                    "value": "TV"
                }
            ]
        },
        {
            "properties": {
                "__categories": [
                ],
                "__groups": [
                ],
                "description": {
                    "enabled": true,
                    "type": "text",
                    "value": "",
                    "visible": true
                },
                "id": {
                    "enabled": true,
                    "type": "uuid",
                    "value": "{5c8b8a90-665b-4a5c-8a4c-5378d0562659}",
                    "visible": true
                },
                "name": {
                    "enabled": true,
                    "type": "text",
                    "value": "VacationMode",
                    "visible": true
                },
                "path": {
                    "enabled": true,
                    "type": "text",
                    "value": "/",
                    "visible": true
                }
            },
            "values": [
                {
                    "language": "{ef04f412-52e8-4616-8223-41437d86ca6e}",
                    "value": "Vacation"
                }
            ]
        },
        {
            "properties": {
                "__categories": [
                ],
                "__groups": [
                ],
                "description": {
                    "enabled": true,
                    "type": "text",
                    "value": "",
                    "visible": true
                },
                "id": {
                    "enabled": true,
                    "type": "uuid",
                    "value": "{66bd6603-2277-441b-bc2c-e8788bb79750}",
                    "visible": true
                },
                "name": {
                    "enabled": true,
                    "type": "text",
                    "value": "OFF",
                    "visible": true
                },
                "path": {
                    "enabled": true,
                    "type": "text",
                    "value": "/",
                    "visible": true
                }
            },
            "values": [
                {
                    "language": "{ef04f412-52e8-4616-8223-41437d86ca6e}",
                    "value": "OFF"
                }
            ]
        },
        {
            "properties": {
                "__categories": [
                ],
                "__groups": [
                ],
                "description": {
                    "enabled": true,
                    "type": "text",
                    "value": "",
                    "visible": true
                },
                "id": {
                    "enabled": true,
                    "type": "uuid",
                    "value": "{673e6ea7-eee3-453b-8a9f-9e55f8345eed}",
                    "visible": true
                },
                "name": {
                    "enabled": true,
                    "type": "text",
                    "value": "figmaStr_Lights_On",
                    "visible": true
                },
                "path": {
                    "enabled": true,
                    "type": "text",
                    "value": "/",
                    "visible": true
                }
            },
            "values": [
                {
                    "language": "{ef04f412-52e8-4616-8223-41437d86ca6e}",
                    "value": "Lights On"
                }
            ]
        },
        {
            "properties": {
                "__categories": [
                ],
                "__groups": [
                ],
                "description": {
                    "enabled": true,
                    "type": "text",
                    "value": "",
                    "visible": true
                },
                "id": {
                    "enabled": true,
                    "type": "uuid",
                    "value": "{6c23793f-7054-4393-92e3-29290b9e92f1}",
                    "visible": true
                },
                "name": {
                    "enabled": true,
                    "type": "text",
                    "value": "livRoomB",
                    "visible": true
                },
                "path": {
                    "enabled": true,
                    "type": "text",
                    "value": "/",
                    "visible": true
                }
            },
            "values": [
                {
                    "language": "{ef04f412-52e8-4616-8223-41437d86ca6e}",
                    "value": "Living Room"
                }
            ]
        },
        {
            "properties": {
                "__categories": [
                ],
                "__groups": [
                ],
                "description": {
                    "enabled": true,
                    "type": "text",
                    "value": "",
                    "visible": true
                },
                "id": {
                    "enabled": true,
                    "type": "uuid",
                    "value": "{706ab64b-04fa-4e8d-8f0d-4fdaeaea6f28}",
                    "visible": true
                },
                "name": {
                    "enabled": true,
                    "type": "text",
                    "value": "figmaStr_WindowsOpen",
                    "visible": true
                },
                "path": {
                    "enabled": true,
                    "type": "text",
                    "value": "/",
                    "visible": true
                }
            },
            "values": [
                {
                    "language": "{ef04f412-52e8-4616-8223-41437d86ca6e}",
                    "value": "Windows\\nOpen"
                }
            ]
        },
        {
            "properties": {
                "__categories": [
                ],
                "__groups": [
                ],
                "description": {
                    "enabled": true,
                    "type": "text",
                    "value": "",
                    "visible": true
                },
                "id": {
                    "enabled": true,
                    "type": "uuid",
                    "value": "{79bb9989-71c0-4fa8-8f97-2b2d07b39e08}",
                    "visible": true
                },
                "name": {
                    "enabled": true,
                    "type": "text",
                    "value": "figmaStr_Doorbell_Camera",
                    "visible": true
                },
                "path": {
                    "enabled": true,
                    "type": "text",
                    "value": "/",
                    "visible": true
                }
            },
            "values": [
                {
                    "language": "{ef04f412-52e8-4616-8223-41437d86ca6e}",
                    "value": "Doorbell Camera"
                }
            ]
        },
        {
            "properties": {
                "__categories": [
                ],
                "__groups": [
                ],
                "description": {
                    "enabled": true,
                    "type": "text",
                    "value": "",
                    "visible": true
                },
                "id": {
                    "enabled": true,
                    "type": "uuid",
                    "value": "{85f0f8f1-3e2a-4808-a7f6-d9a96e6254a1}",
                    "visible": true
                },
                "name": {
                    "enabled": true,
                    "type": "text",
                    "value": "one",
                    "visible": true
                },
                "path": {
                    "enabled": true,
                    "type": "text",
                    "value": "/",
                    "visible": true
                }
            },
            "values": [
                {
                    "language": "{ef04f412-52e8-4616-8223-41437d86ca6e}",
                    "value": "1"
                }
            ]
        },
        {
            "properties": {
                "__categories": [
                ],
                "__groups": [
                ],
                "description": {
                    "enabled": true,
                    "type": "text",
                    "value": "",
                    "visible": true
                },
                "id": {
                    "enabled": true,
                    "type": "uuid",
                    "value": "{8620161d-a6c5-4a6d-be5d-61fae71cfb1b}",
                    "visible": true
                },
                "name": {
                    "enabled": true,
                    "type": "text",
                    "value": "figmaStr_BlindsOpen",
                    "visible": true
                },
                "path": {
                    "enabled": true,
                    "type": "text",
                    "value": "/",
                    "visible": true
                }
            },
            "values": [
                {
                    "language": "{ef04f412-52e8-4616-8223-41437d86ca6e}",
                    "value": "Blinds Open"
                }
            ]
        },
        {
            "properties": {
                "__categories": [
                ],
                "__groups": [
                ],
                "description": {
                    "enabled": true,
                    "type": "text",
                    "value": "",
                    "visible": true
                },
                "id": {
                    "enabled": true,
                    "type": "uuid",
                    "value": "{8bec3ce8-ffd0-46a6-991a-7631c4a83f2f}",
                    "visible": true
                },
                "name": {
                    "enabled": true,
                    "type": "text",
                    "value": "ON",
                    "visible": true
                },
                "path": {
                    "enabled": true,
                    "type": "text",
                    "value": "/",
                    "visible": true
                }
            },
            "values": [
                {
                    "language": "{ef04f412-52e8-4616-8223-41437d86ca6e}",
                    "value": "ON"
                }
            ]
        },
        {
            "properties": {
                "__categories": [
                ],
                "__groups": [
                ],
                "description": {
                    "enabled": true,
                    "type": "text",
                    "value": "",
                    "visible": true
                },
                "id": {
                    "enabled": true,
                    "type": "uuid",
                    "value": "{8cd64461-aa7e-420b-a37b-25ba754bca3b}",
                    "visible": true
                },
                "name": {
                    "enabled": true,
                    "type": "text",
                    "value": "zero",
                    "visible": true
                },
                "path": {
                    "enabled": true,
                    "type": "text",
                    "value": "/",
                    "visible": true
                }
            },
            "values": [
                {
                    "language": "{ef04f412-52e8-4616-8223-41437d86ca6e}",
                    "value": "0"
                }
            ]
        },
        {
            "properties": {
                "__categories": [
                ],
                "__groups": [
                ],
                "description": {
                    "enabled": true,
                    "type": "text",
                    "value": "",
                    "visible": true
                },
                "id": {
                    "enabled": true,
                    "type": "uuid",
                    "value": "{91d997f5-ab4b-4d99-bc4a-136d5c89ab1c}",
                    "visible": true
                },
                "name": {
                    "enabled": true,
                    "type": "text",
                    "value": "TV",
                    "visible": true
                },
                "path": {
                    "enabled": true,
                    "type": "text",
                    "value": "/",
                    "visible": true
                }
            },
            "values": [
                {
                    "language": "{ef04f412-52e8-4616-8223-41437d86ca6e}",
                    "value": "TV"
                }
            ]
        },
        {
            "properties": {
                "__categories": [
                ],
                "__groups": [
                ],
                "description": {
                    "enabled": true,
                    "type": "text",
                    "value": "",
                    "visible": true
                },
                "id": {
                    "enabled": true,
                    "type": "uuid",
                    "value": "{91fa39fb-8e3b-4283-8447-8bb827852ec5}",
                    "visible": true
                },
                "name": {
                    "enabled": true,
                    "type": "text",
                    "value": "DoorB",
                    "visible": true
                },
                "path": {
                    "enabled": true,
                    "type": "text",
                    "value": "/",
                    "visible": true
                }
            },
            "values": [
                {
                    "language": "{ef04f412-52e8-4616-8223-41437d86ca6e}",
                    "value": "Boor"
                }
            ]
        },
        {
            "properties": {
                "__categories": [
                ],
                "__groups": [
                ],
                "description": {
                    "enabled": true,
                    "type": "text",
                    "value": "",
                    "visible": true
                },
                "id": {
                    "enabled": true,
                    "type": "uuid",
                    "value": "{925c6f5f-cde4-49cd-b5e8-5ad645ba945a}",
                    "visible": true
                },
                "name": {
                    "enabled": true,
                    "type": "text",
                    "value": "lamp1b",
                    "visible": true
                },
                "path": {
                    "enabled": true,
                    "type": "text",
                    "value": "/",
                    "visible": true
                }
            },
            "values": [
                {
                    "language": "{ef04f412-52e8-4616-8223-41437d86ca6e}",
                    "value": "Lamp 1"
                }
            ]
        },
        {
            "properties": {
                "__categories": [
                ],
                "__groups": [
                ],
                "description": {
                    "enabled": true,
                    "type": "text",
                    "value": "",
                    "visible": true
                },
                "id": {
                    "enabled": true,
                    "type": "uuid",
                    "value": "{9391ca55-901b-4bf6-a53a-939a1d35c036}",
                    "visible": true
                },
                "name": {
                    "enabled": true,
                    "type": "text",
                    "value": "Door",
                    "visible": true
                },
                "path": {
                    "enabled": true,
                    "type": "text",
                    "value": "/",
                    "visible": true
                }
            },
            "values": [
                {
                    "language": "{ef04f412-52e8-4616-8223-41437d86ca6e}",
                    "value": "Door"
                }
            ]
        },
        {
            "properties": {
                "__categories": [
                ],
                "__groups": [
                ],
                "description": {
                    "enabled": true,
                    "type": "text",
                    "value": "",
                    "visible": true
                },
                "id": {
                    "enabled": true,
                    "type": "uuid",
                    "value": "{93efdb7c-4cec-4d46-8274-a16871212939}",
                    "visible": true
                },
                "name": {
                    "enabled": true,
                    "type": "text",
                    "value": "Garage",
                    "visible": true
                },
                "path": {
                    "enabled": true,
                    "type": "text",
                    "value": "/",
                    "visible": true
                }
            },
            "values": [
                {
                    "language": "{ef04f412-52e8-4616-8223-41437d86ca6e}",
                    "value": "Garage"
                }
            ]
        },
        {
            "properties": {
                "__categories": [
                ],
                "__groups": [
                ],
                "description": {
                    "enabled": true,
                    "type": "text",
                    "value": "",
                    "visible": true
                },
                "id": {
                    "enabled": true,
                    "type": "uuid",
                    "value": "{94355666-34f1-407b-89d4-8ae1987fcb1c}",
                    "visible": true
                },
                "name": {
                    "enabled": true,
                    "type": "text",
                    "value": "BedroomB",
                    "visible": true
                },
                "path": {
                    "enabled": true,
                    "type": "text",
                    "value": "/",
                    "visible": true
                }
            },
            "values": [
                {
                    "language": "{ef04f412-52e8-4616-8223-41437d86ca6e}",
                    "value": "Bedroom"
                }
            ]
        },
        {
            "properties": {
                "__categories": [
                ],
                "__groups": [
                ],
                "description": {
                    "enabled": true,
                    "type": "text",
                    "value": "",
                    "visible": true
                },
                "id": {
                    "enabled": true,
                    "type": "uuid",
                    "value": "{94f7bee2-ca17-4efc-aa9e-822396ad14e5}",
                    "visible": true
                },
                "name": {
                    "enabled": true,
                    "type": "text",
                    "value": "Fan",
                    "visible": true
                },
                "path": {
                    "enabled": true,
                    "type": "text",
                    "value": "/",
                    "visible": true
                }
            },
            "values": [
                {
                    "language": "{ef04f412-52e8-4616-8223-41437d86ca6e}",
                    "value": "Fan"
                }
            ]
        },
        {
            "properties": {
                "__categories": [
                ],
                "__groups": [
                ],
                "description": {
                    "enabled": true,
                    "type": "text",
                    "value": "",
                    "visible": true
                },
                "id": {
                    "enabled": true,
                    "type": "uuid",
                    "value": "{a28a1be4-1221-47f2-86c5-603f02302155}",
                    "visible": true
                },
                "name": {
                    "enabled": true,
                    "type": "text",
                    "value": "livRoom",
                    "visible": true
                },
                "path": {
                    "enabled": true,
                    "type": "text",
                    "value": "/",
                    "visible": true
                }
            },
            "values": [
                {
                    "language": "{ef04f412-52e8-4616-8223-41437d86ca6e}",
                    "value": "Living Room"
                }
            ]
        },
        {
            "properties": {
                "__categories": [
                ],
                "__groups": [
                ],
                "description": {
                    "enabled": true,
                    "type": "text",
                    "value": "",
                    "visible": true
                },
                "id": {
                    "enabled": true,
                    "type": "uuid",
                    "value": "{ad73abb3-d568-4c75-be75-6b30b25a16c7}",
                    "visible": true
                },
                "name": {
                    "enabled": true,
                    "type": "text",
                    "value": "roboVaccum",
                    "visible": true
                },
                "path": {
                    "enabled": true,
                    "type": "text",
                    "value": "/",
                    "visible": true
                }
            },
            "values": [
                {
                    "language": "{ef04f412-52e8-4616-8223-41437d86ca6e}",
                    "value": "Robot\\nVacuum"
                }
            ]
        },
        {
            "properties": {
                "__categories": [
                ],
                "__groups": [
                ],
                "description": {
                    "enabled": true,
                    "type": "text",
                    "value": "",
                    "visible": true
                },
                "id": {
                    "enabled": true,
                    "type": "uuid",
                    "value": "{b4aec7c5-3dc7-480c-a436-50ed138ba084}",
                    "visible": true
                },
                "name": {
                    "enabled": true,
                    "type": "text",
                    "value": "time_example",
                    "visible": true
                },
                "path": {
                    "enabled": true,
                    "type": "text",
                    "value": "/",
                    "visible": true
                }
            },
            "values": [
                {
                    "language": "{ef04f412-52e8-4616-8223-41437d86ca6e}",
                    "value": "1:30 pm -"
                }
            ]
        },
        {
            "properties": {
                "__categories": [
                ],
                "__groups": [
                ],
                "description": {
                    "enabled": true,
                    "type": "text",
                    "value": "",
                    "visible": true
                },
                "id": {
                    "enabled": true,
                    "type": "uuid",
                    "value": "{b5613880-5f13-452e-b2e4-45ec117fcbc2}",
                    "visible": true
                },
                "name": {
                    "enabled": true,
                    "type": "text",
                    "value": "Window",
                    "visible": true
                },
                "path": {
                    "enabled": true,
                    "type": "text",
                    "value": "/",
                    "visible": true
                }
            },
            "values": [
                {
                    "language": "{ef04f412-52e8-4616-8223-41437d86ca6e}",
                    "value": "Window"
                }
            ]
        },
        {
            "properties": {
                "__categories": [
                ],
                "__groups": [
                ],
                "description": {
                    "enabled": true,
                    "type": "text",
                    "value": "",
                    "visible": true
                },
                "id": {
                    "enabled": true,
                    "type": "uuid",
                    "value": "{b6e73883-8c59-45a1-8f2e-f2342d80d451}",
                    "visible": true
                },
                "name": {
                    "enabled": true,
                    "type": "text",
                    "value": "kichenB",
                    "visible": true
                },
                "path": {
                    "enabled": true,
                    "type": "text",
                    "value": "/",
                    "visible": true
                }
            },
            "values": [
                {
                    "language": "{ef04f412-52e8-4616-8223-41437d86ca6e}",
                    "value": "Kichen"
                }
            ]
        },
        {
            "properties": {
                "__categories": [
                ],
                "__groups": [
                ],
                "description": {
                    "enabled": true,
                    "type": "text",
                    "value": "",
                    "visible": true
                },
                "id": {
                    "enabled": true,
                    "type": "uuid",
                    "value": "{b9790627-f075-4dfc-b4e4-5b3879ae2014}",
                    "visible": true
                },
                "name": {
                    "enabled": true,
                    "type": "text",
                    "value": "DaytimeMode",
                    "visible": true
                },
                "path": {
                    "enabled": true,
                    "type": "text",
                    "value": "/",
                    "visible": true
                }
            },
            "values": [
                {
                    "language": "{ef04f412-52e8-4616-8223-41437d86ca6e}",
                    "value": "Daytime"
                }
            ]
        },
        {
            "properties": {
                "__categories": [
                ],
                "__groups": [
                ],
                "description": {
                    "enabled": true,
                    "type": "text",
                    "value": "",
                    "visible": true
                },
                "id": {
                    "enabled": true,
                    "type": "uuid",
                    "value": "{bcf725e4-9f54-4245-bead-6925b4563e7d}",
                    "visible": true
                },
                "name": {
                    "enabled": true,
                    "type": "text",
                    "value": "restroomB",
                    "visible": true
                },
                "path": {
                    "enabled": true,
                    "type": "text",
                    "value": "/",
                    "visible": true
                }
            },
            "values": [
                {
                    "language": "{ef04f412-52e8-4616-8223-41437d86ca6e}",
                    "value": "Restroom"
                }
            ]
        },
        {
            "properties": {
                "__categories": [
                ],
                "__groups": [
                ],
                "description": {
                    "enabled": true,
                    "type": "text",
                    "value": "",
                    "visible": true
                },
                "id": {
                    "enabled": true,
                    "type": "uuid",
                    "value": "{bdad4345-c1e4-4644-95bb-e460a2566b73}",
                    "visible": true
                },
                "name": {
                    "enabled": true,
                    "type": "text",
                    "value": "figmaStr_CamerEvents",
                    "visible": true
                },
                "path": {
                    "enabled": true,
                    "type": "text",
                    "value": "/",
                    "visible": true
                }
            },
            "values": [
                {
                    "language": "{ef04f412-52e8-4616-8223-41437d86ca6e}",
                    "value": "Camera\\nEvents"
                }
            ]
        },
        {
            "properties": {
                "__categories": [
                ],
                "__groups": [
                ],
                "description": {
                    "enabled": true,
                    "type": "text",
                    "value": "",
                    "visible": true
                },
                "id": {
                    "enabled": true,
                    "type": "uuid",
                    "value": "{c8093c0c-2eeb-4f8b-a6d9-2ad0341b692c}",
                    "visible": true
                },
                "name": {
                    "enabled": true,
                    "type": "text",
                    "value": "FanB",
                    "visible": true
                },
                "path": {
                    "enabled": true,
                    "type": "text",
                    "value": "/",
                    "visible": true
                }
            },
            "values": [
                {
                    "language": "{ef04f412-52e8-4616-8223-41437d86ca6e}",
                    "value": "Fan"
                }
            ]
        },
        {
            "properties": {
                "__categories": [
                ],
                "__groups": [
                ],
                "description": {
                    "enabled": true,
                    "type": "text",
                    "value": "",
                    "visible": true
                },
                "id": {
                    "enabled": true,
                    "type": "uuid",
                    "value": "{d11c965d-0018-402b-8eb2-6c5c11447757}",
                    "visible": true
                },
                "name": {
                    "enabled": true,
                    "type": "text",
                    "value": "Blinds",
                    "visible": true
                },
                "path": {
                    "enabled": true,
                    "type": "text",
                    "value": "/",
                    "visible": true
                }
            },
            "values": [
                {
                    "language": "{ef04f412-52e8-4616-8223-41437d86ca6e}",
                    "value": "Blinds"
                }
            ]
        },
        {
            "properties": {
                "__categories": [
                ],
                "__groups": [
                ],
                "description": {
                    "enabled": true,
                    "type": "text",
                    "value": "",
                    "visible": true
                },
                "id": {
                    "enabled": true,
                    "type": "uuid",
                    "value": "{d1395c55-97d1-4953-b3b5-3bf3124f4aa0}",
                    "visible": true
                },
                "name": {
                    "enabled": true,
                    "type": "text",
                    "value": "LightsB",
                    "visible": true
                },
                "path": {
                    "enabled": true,
                    "type": "text",
                    "value": "/",
                    "visible": true
                }
            },
            "values": [
                {
                    "language": "{ef04f412-52e8-4616-8223-41437d86ca6e}",
                    "value": "Lights"
                }
            ]
        },
        {
            "properties": {
                "__categories": [
                ],
                "__groups": [
                ],
                "description": {
                    "enabled": true,
                    "type": "text",
                    "value": "",
                    "visible": true
                },
                "id": {
                    "enabled": true,
                    "type": "uuid",
                    "value": "{d1710c2f-b6c9-4d85-94ed-91edad3d030b}",
                    "visible": true
                },
                "name": {
                    "enabled": true,
                    "type": "text",
                    "value": "Front",
                    "visible": true
                },
                "path": {
                    "enabled": true,
                    "type": "text",
                    "value": "/",
                    "visible": true
                }
            },
            "values": [
                {
                    "language": "{ef04f412-52e8-4616-8223-41437d86ca6e}",
                    "value": "Front"
                }
            ]
        },
        {
            "properties": {
                "__categories": [
                ],
                "__groups": [
                ],
                "description": {
                    "enabled": true,
                    "type": "text",
                    "value": "",
                    "visible": true
                },
                "id": {
                    "enabled": true,
                    "type": "uuid",
                    "value": "{d1da4875-59c5-425e-9dfc-709d21280f51}",
                    "visible": true
                },
                "name": {
                    "enabled": true,
                    "type": "text",
                    "value": "lamp2",
                    "visible": true
                },
                "path": {
                    "enabled": true,
                    "type": "text",
                    "value": "/",
                    "visible": true
                }
            },
            "values": [
                {
                    "language": "{ef04f412-52e8-4616-8223-41437d86ca6e}",
                    "value": "Lamp 2"
                }
            ]
        },
        {
            "properties": {
                "__categories": [
                ],
                "__groups": [
                ],
                "description": {
                    "enabled": true,
                    "type": "text",
                    "value": "",
                    "visible": true
                },
                "id": {
                    "enabled": true,
                    "type": "uuid",
                    "value": "{d2c9ee29-71a0-4a55-922f-5d2516ebf322}",
                    "visible": true
                },
                "name": {
                    "enabled": true,
                    "type": "text",
                    "value": "figmaStr_DoorsOpen",
                    "visible": true
                },
                "path": {
                    "enabled": true,
                    "type": "text",
                    "value": "/",
                    "visible": true
                }
            },
            "values": [
                {
                    "language": "{ef04f412-52e8-4616-8223-41437d86ca6e}",
                    "value": "Doors\\nOpen"
                }
            ]
        },
        {
            "properties": {
                "__categories": [
                ],
                "__groups": [
                ],
                "description": {
                    "enabled": true,
                    "type": "text",
                    "value": "",
                    "visible": true
                },
                "id": {
                    "enabled": true,
                    "type": "uuid",
                    "value": "{d5bc7f79-5764-4d94-a15b-b04b9aa56d7e}",
                    "visible": true
                },
                "name": {
                    "enabled": true,
                    "type": "text",
                    "value": "restroom",
                    "visible": true
                },
                "path": {
                    "enabled": true,
                    "type": "text",
                    "value": "/",
                    "visible": true
                }
            },
            "values": [
                {
                    "language": "{ef04f412-52e8-4616-8223-41437d86ca6e}",
                    "value": "Restroom"
                }
            ]
        },
        {
            "properties": {
                "__categories": [
                ],
                "__groups": [
                ],
                "description": {
                    "enabled": true,
                    "type": "text",
                    "value": "",
                    "visible": true
                },
                "id": {
                    "enabled": true,
                    "type": "uuid",
                    "value": "{d69599bf-c195-436c-b526-d40b5fffe110}",
                    "visible": true
                },
                "name": {
                    "enabled": true,
                    "type": "text",
                    "value": "OPEN",
                    "visible": true
                },
                "path": {
                    "enabled": true,
                    "type": "text",
                    "value": "/",
                    "visible": true
                }
            },
            "values": [
                {
                    "language": "{ef04f412-52e8-4616-8223-41437d86ca6e}",
                    "value": "OPEN"
                }
            ]
        },
        {
            "properties": {
                "__categories": [
                ],
                "__groups": [
                ],
                "description": {
                    "enabled": true,
                    "type": "text",
                    "value": "",
                    "visible": true
                },
                "id": {
                    "enabled": true,
                    "type": "uuid",
                    "value": "{d6e9ab9e-7975-4fa7-9221-757e0db91eae}",
                    "visible": true
                },
                "name": {
                    "enabled": true,
                    "type": "text",
                    "value": "figmaStr_Backyard_Camera",
                    "visible": true
                },
                "path": {
                    "enabled": true,
                    "type": "text",
                    "value": "/",
                    "visible": true
                }
            },
            "values": [
                {
                    "language": "{ef04f412-52e8-4616-8223-41437d86ca6e}",
                    "value": "Backyard Camera"
                }
            ]
        },
        {
            "properties": {
                "__categories": [
                ],
                "__groups": [
                ],
                "description": {
                    "enabled": true,
                    "type": "text",
                    "value": "",
                    "visible": true
                },
                "id": {
                    "enabled": true,
                    "type": "uuid",
                    "value": "{e080f96f-b5e2-4e7b-8f62-f976e827f9d4}",
                    "visible": true
                },
                "name": {
                    "enabled": true,
                    "type": "text",
                    "value": "settings",
                    "visible": true
                },
                "path": {
                    "enabled": true,
                    "type": "text",
                    "value": "/",
                    "visible": true
                }
            },
            "values": [
                {
                    "language": "{ef04f412-52e8-4616-8223-41437d86ca6e}",
                    "value": "Settings"
                }
            ]
        },
        {
            "properties": {
                "__categories": [
                ],
                "__groups": [
                ],
                "description": {
                    "enabled": true,
                    "type": "text",
                    "value": "",
                    "visible": true
                },
                "id": {
                    "enabled": true,
                    "type": "uuid",
                    "value": "{e13427ab-9372-4dcb-8c79-a8466e9a7c6a}",
                    "visible": true
                },
                "name": {
                    "enabled": true,
                    "type": "text",
                    "value": "Lights",
                    "visible": true
                },
                "path": {
                    "enabled": true,
                    "type": "text",
                    "value": "/",
                    "visible": true
                }
            },
            "values": [
                {
                    "language": "{ef04f412-52e8-4616-8223-41437d86ca6e}",
                    "value": "Lights"
                }
            ]
        },
        {
            "properties": {
                "__categories": [
                ],
                "__groups": [
                ],
                "description": {
                    "enabled": true,
                    "type": "text",
                    "value": "",
                    "visible": true
                },
                "id": {
                    "enabled": true,
                    "type": "uuid",
                    "value": "{e2557357-5c96-4ffd-b2f2-1d7322308902}",
                    "visible": true
                },
                "name": {
                    "enabled": true,
                    "type": "text",
                    "value": "FrontB",
                    "visible": true
                },
                "path": {
                    "enabled": true,
                    "type": "text",
                    "value": "/",
                    "visible": true
                }
            },
            "values": [
                {
                    "language": "{ef04f412-52e8-4616-8223-41437d86ca6e}",
                    "value": "Front"
                }
            ]
        },
        {
            "properties": {
                "__categories": [
                ],
                "__groups": [
                ],
                "description": {
                    "enabled": true,
                    "type": "text",
                    "value": "",
                    "visible": true
                },
                "id": {
                    "enabled": true,
                    "type": "uuid",
                    "value": "{e4be5370-cacb-4160-aee2-119b2890d8bb}",
                    "visible": true
                },
                "name": {
                    "enabled": true,
                    "type": "text",
                    "value": "BlindsB",
                    "visible": true
                },
                "path": {
                    "enabled": true,
                    "type": "text",
                    "value": "/",
                    "visible": true
                }
            },
            "values": [
                {
                    "language": "{ef04f412-52e8-4616-8223-41437d86ca6e}",
                    "value": "Blinds"
                }
            ]
        },
        {
            "properties": {
                "__categories": [
                ],
                "__groups": [
                ],
                "description": {
                    "enabled": true,
                    "type": "text",
                    "value": "",
                    "visible": true
                },
                "id": {
                    "enabled": true,
                    "type": "uuid",
                    "value": "{e523d5cf-df26-41df-9422-71487fc0cad5}",
                    "visible": true
                },
                "name": {
                    "enabled": true,
                    "type": "text",
                    "value": "AwayMode",
                    "visible": true
                },
                "path": {
                    "enabled": true,
                    "type": "text",
                    "value": "/",
                    "visible": true
                }
            },
            "values": [
                {
                    "language": "{ef04f412-52e8-4616-8223-41437d86ca6e}",
                    "value": "Away"
                }
            ]
        },
        {
            "properties": {
                "__categories": [
                ],
                "__groups": [
                ],
                "description": {
                    "enabled": true,
                    "type": "text",
                    "value": "",
                    "visible": true
                },
                "id": {
                    "enabled": true,
                    "type": "uuid",
                    "value": "{f7d78d65-5c38-4464-aa29-51ebd01ba531}",
                    "visible": true
                },
                "name": {
                    "enabled": true,
                    "type": "text",
                    "value": "security",
                    "visible": true
                },
                "path": {
                    "enabled": true,
                    "type": "text",
                    "value": "/",
                    "visible": true
                }
            },
            "values": [
                {
                    "language": "{ef04f412-52e8-4616-8223-41437d86ca6e}",
                    "value": "Security"
                }
            ]
        }
    ]
}
