{
    "images": [
        {
            "id": "{541a6522-2f73-4dd5-9384-a1fc840020f6}",
            "name": "mchpLogo_small",
            "type": "RGB"
        },
        {
            "id": "{58718fb5-71ab-485d-8928-4fd7d9325146}",
            "name": "CheckOut",
            "type": "RGB"
        },
        {
            "id": "{549529e6-eba3-41d9-abc0-220dedbe9b34}",
            "name": "CheckIn",
            "type": "RGB"
        },
        {
            "id": "{98332278-351f-4d76-9de5-857f9592f7b2}",
            "name": "MGS_40h",
            "type": "RGB"
        },
        {
            "id": "{a050b36b-17ab-4ee2-8ca9-2a576aea19c4}",
            "name": "BackCircles",
            "type": "RGB"
        },
        {
            "id": "{b818d539-428c-4542-a6e9-12e4b8d04f76}",
            "name": "upgradeOverlay200",
            "type": "RGB"
        },
        {
            "id": "{6cf4b420-8a8c-401c-8b79-cdc3df1127ca}",
            "name": "BackspaceKey",
            "type": "RGB"
        },
        {
            "id": "{f5835706-78bd-4fd3-bcf0-d96eb27f6926}",
            "name": "BackspaceKeyPressed",
            "type": "RGB"
        },
        {
            "id": "{a55b4a29-7db3-4f6c-8c50-2ff8fd948c19}",
            "name": "contactless90",
            "type": "RGB"
        },
        {
            "id": "{3e642afa-f9c2-4be1-b639-4bdea48585bb}",
            "name": "credit_card90",
            "type": "RGB"
        },
        {
            "id": "{af1383b8-470f-4244-92f3-1144f68a1237}",
            "name": "EnterKey",
            "type": "RGB"
        },
        {
            "id": "{42499e32-de7a-4ad5-b6e2-73e2b325440f}",
            "name": "EnterKeyPressed",
            "type": "RGB"
        },
        {
            "id": "{329b54b8-9bfc-4317-802b-ea4b8cb78421}",
            "name": "imgBack",
            "type": "RGB"
        },
        {
            "id": "{f02d43e8-ce19-4834-adf9-d0b634f5bc63}",
            "name": "imgBackWhite",
            "type": "RGB"
        },
        {
            "id": "{14c6e47c-5f1d-4eb9-b67f-178724df17ed}",
            "name": "Key",
            "type": "RGB"
        },
        {
            "id": "{e14c7751-df33-447f-8649-50923e4dbd45}",
            "name": "KeyPressed",
            "type": "RGB"
        },
        {
            "id": "{6d069eb5-8fe3-4f6c-9c04-1fec8987b38a}",
            "name": "qrcode190",
            "type": "RGB"
        },
        {
            "id": "{cd808d06-6c9c-432f-88db-c658ea23c5d8}",
            "name": "ShiftKey",
            "type": "RGB"
        },
        {
            "id": "{262e508e-b669-4e90-bd80-09595d739bf7}",
            "name": "ShiftKeyPressed",
            "type": "RGB"
        },
        {
            "id": "{74d019bd-0400-4832-8170-219399ea8f7f}",
            "name": "spacekey",
            "type": "RGB"
        },
        {
            "id": "{ef269955-ec40-43b6-9fa3-a57805f82ddb}",
            "name": "spacekeypressed",
            "type": "RGB"
        },
        {
            "id": "{8fb780c9-dc47-45e8-8f93-63ab78cc7aee}",
            "name": "upgradeBalcony200",
            "type": "RGB"
        },
        {
            "id": "{590cd15d-f5dc-4b8f-87fd-96eb3554f32a}",
            "name": "upgradeBreakfast200",
            "type": "RGB"
        },
        {
            "id": "{2596565f-6576-4d04-80d0-aba3738446b6}",
            "name": "upgradeLate200",
            "type": "RGB"
        },
        {
            "id": "{491e99a8-9725-4ee3-8210-18e653384abe}",
            "name": "Image0",
            "type": "RGB"
        }
    ],
    "paths": [
    ]
}
