{
    "bindings": [
        {
            "font": "{c0da62de-a5e0-466b-b1a6-961eea8244cc}",
            "language": "{0fe0d6eb-e491-4a50-9071-b59f6a059fd4}",
            "string": "{3233d216-c6ba-4d93-a596-ec885f4e8911}"
        },
        {
            "font": "{343a033b-8486-45b1-9fad-04535666db42}",
            "language": "{0fe0d6eb-e491-4a50-9071-b59f6a059fd4}",
            "string": "{4d080183-62bb-4f3f-b503-4d8c54b61ad0}"
        },
        {
            "font": "{aaf81bac-2648-4be4-a074-214640e7d9a6}",
            "language": "{0fe0d6eb-e491-4a50-9071-b59f6a059fd4}",
            "string": "{5494fe0a-7ba0-4ed6-b739-9e9ad3deb51d}"
        },
        {
            "font": "{63be521d-ebf2-4849-bca2-8fdc0b708887}",
            "language": "{0fe0d6eb-e491-4a50-9071-b59f6a059fd4}",
            "string": "{60a8bbf6-b0b1-4baf-936a-4f5e12555f27}"
        },
        {
            "font": "{63be521d-ebf2-4849-bca2-8fdc0b708887}",
            "language": "{0fe0d6eb-e491-4a50-9071-b59f6a059fd4}",
            "string": "{638e37d9-a5c5-49e4-8b60-8901c024c429}"
        },
        {
            "font": "{c0da62de-a5e0-466b-b1a6-961eea8244cc}",
            "language": "{0fe0d6eb-e491-4a50-9071-b59f6a059fd4}",
            "string": "{76d2f91c-ee8d-4755-9bed-954e82d72190}"
        },
        {
            "font": "{343a033b-8486-45b1-9fad-04535666db42}",
            "language": "{0fe0d6eb-e491-4a50-9071-b59f6a059fd4}",
            "string": "{7997805b-2a45-4eb6-9f1f-7c9cbafc1837}"
        },
        {
            "font": "{dcace5a2-f4fe-478b-b99d-593cdfb03631}",
            "language": "{0fe0d6eb-e491-4a50-9071-b59f6a059fd4}",
            "string": "{7f2fd57e-1431-4f85-9f83-737d17b901ba}"
        },
        {
            "font": "{aaf81bac-2648-4be4-a074-214640e7d9a6}",
            "language": "{0fe0d6eb-e491-4a50-9071-b59f6a059fd4}",
            "string": "{7f62ee36-c42d-418b-a706-6d0b33efa471}"
        },
        {
            "font": "{63be521d-ebf2-4849-bca2-8fdc0b708887}",
            "language": "{0fe0d6eb-e491-4a50-9071-b59f6a059fd4}",
            "string": "{99f89588-814e-4e8d-9052-4956235b5e53}"
        },
        {
            "font": "{dcace5a2-f4fe-478b-b99d-593cdfb03631}",
            "language": "{0fe0d6eb-e491-4a50-9071-b59f6a059fd4}",
            "string": "{a02267be-c217-4b0c-a6d1-57b72e6fb1ba}"
        },
        {
            "font": "{90b62434-6d3f-47c4-a46d-a69ba700e4e3}",
            "language": "{0fe0d6eb-e491-4a50-9071-b59f6a059fd4}",
            "string": "{a2741c3e-9cd9-48a3-adc7-2963ff09155b}"
        },
        {
            "font": "{aaf81bac-2648-4be4-a074-214640e7d9a6}",
            "language": "{0fe0d6eb-e491-4a50-9071-b59f6a059fd4}",
            "string": "{aa2c6b22-77ca-45c8-b775-0f41eb34f813}"
        },
        {
            "font": "{343a033b-8486-45b1-9fad-04535666db42}",
            "language": "{0fe0d6eb-e491-4a50-9071-b59f6a059fd4}",
            "string": "{aa8d3f11-f99a-4331-a969-267b8da6e20f}"
        },
        {
            "font": "{343a033b-8486-45b1-9fad-04535666db42}",
            "language": "{0fe0d6eb-e491-4a50-9071-b59f6a059fd4}",
            "string": "{b32bebc7-7669-4144-b72e-ba39b9e7c053}"
        },
        {
            "font": "{aaf81bac-2648-4be4-a074-214640e7d9a6}",
            "language": "{0fe0d6eb-e491-4a50-9071-b59f6a059fd4}",
            "string": "{b7dbd226-21bb-4a89-a00a-60025e2b64fd}"
        },
        {
            "font": "{343a033b-8486-45b1-9fad-04535666db42}",
            "language": "{0fe0d6eb-e491-4a50-9071-b59f6a059fd4}",
            "string": "{cb8f7e06-5082-48ae-a3d9-dcb6880e41d4}"
        },
        {
            "font": "{40a2b6be-e833-46d9-a4f5-f150afd8c481}",
            "language": "{0fe0d6eb-e491-4a50-9071-b59f6a059fd4}",
            "string": "{d8a916bf-e53a-4d82-b272-670352f09616}"
        },
        {
            "font": "{63be521d-ebf2-4849-bca2-8fdc0b708887}",
            "language": "{0fe0d6eb-e491-4a50-9071-b59f6a059fd4}",
            "string": "{e5ea7af8-5966-4eda-bd9c-dfcde37fba3c}"
        },
        {
            "font": "{90b62434-6d3f-47c4-a46d-a69ba700e4e3}",
            "language": "{0fe0d6eb-e491-4a50-9071-b59f6a059fd4}",
            "string": "{3a7a1830-77ef-44ed-9a87-11edd402e355}"
        },
        {
            "font": "{c0da62de-a5e0-466b-b1a6-961eea8244cc}",
            "language": "{0fe0d6eb-e491-4a50-9071-b59f6a059fd4}",
            "string": "{04019621-e7fa-47f0-84a1-8dd8d67ab1b1}"
        },
        {
            "font": "{dcace5a2-f4fe-478b-b99d-593cdfb03631}",
            "language": "{0fe0d6eb-e491-4a50-9071-b59f6a059fd4}",
            "string": "{21b28949-1f32-4f68-a8ea-741e6c19b0cc}"
        },
        {
            "font": "{dcace5a2-f4fe-478b-b99d-593cdfb03631}",
            "language": "{0fe0d6eb-e491-4a50-9071-b59f6a059fd4}",
            "string": "{52a6a5fa-66a4-4f38-906d-f67113c02e4b}"
        },
        {
            "font": "{dcace5a2-f4fe-478b-b99d-593cdfb03631}",
            "language": "{0fe0d6eb-e491-4a50-9071-b59f6a059fd4}",
            "string": "{d1c01097-37a7-4279-9deb-2486ce1d53ed}"
        },
        {
            "font": "{dcace5a2-f4fe-478b-b99d-593cdfb03631}",
            "language": "{0fe0d6eb-e491-4a50-9071-b59f6a059fd4}",
            "string": "{d4c3ab45-41c6-44a2-90a7-0bf6812a23c9}"
        }
    ],
    "defaultLanguage": "{0fe0d6eb-e491-4a50-9071-b59f6a059fd4}",
    "encoding": "ASCII",
    "languages": [
        {
            "properties": {
                "__categories": [
                ],
                "__groups": [
                ],
                "enabled": {
                    "enabled": true,
                    "type": "boolean",
                    "value": true,
                    "visible": true
                },
                "id": {
                    "enabled": true,
                    "type": "uuid",
                    "value": "{0fe0d6eb-e491-4a50-9071-b59f6a059fd4}",
                    "visible": true
                },
                "name": {
                    "enabled": true,
                    "type": "text",
                    "value": "Default",
                    "visible": true
                }
            }
        }
    ],
    "paths": [
    ],
    "strings": [
        {
            "properties": {
                "__categories": [
                ],
                "__groups": [
                ],
                "description": {
                    "enabled": true,
                    "type": "text",
                    "value": "",
                    "visible": true
                },
                "id": {
                    "enabled": true,
                    "type": "uuid",
                    "value": "{04019621-e7fa-47f0-84a1-8dd8d67ab1b1}",
                    "visible": true
                },
                "name": {
                    "enabled": true,
                    "type": "text",
                    "value": "FullyCharged",
                    "visible": true
                },
                "path": {
                    "enabled": true,
                    "type": "text",
                    "value": "/",
                    "visible": true
                }
            },
            "values": [
                {
                    "language": "{0fe0d6eb-e491-4a50-9071-b59f6a059fd4}",
                    "value": "Battery Fully Charged"
                }
            ]
        },
        {
            "properties": {
                "__categories": [
                ],
                "__groups": [
                ],
                "description": {
                    "enabled": true,
                    "type": "text",
                    "value": "",
                    "visible": true
                },
                "id": {
                    "enabled": true,
                    "type": "uuid",
                    "value": "{21b28949-1f32-4f68-a8ea-741e6c19b0cc}",
                    "visible": true
                },
                "name": {
                    "enabled": true,
                    "type": "text",
                    "value": "Unplug",
                    "visible": true
                },
                "path": {
                    "enabled": true,
                    "type": "text",
                    "value": "/",
                    "visible": true
                }
            },
            "values": [
                {
                    "language": "{0fe0d6eb-e491-4a50-9071-b59f6a059fd4}",
                    "value": "You may now unplug the charger from your car"
                }
            ]
        },
        {
            "properties": {
                "__categories": [
                ],
                "__groups": [
                ],
                "description": {
                    "enabled": true,
                    "type": "text",
                    "value": "",
                    "visible": true
                },
                "id": {
                    "enabled": true,
                    "type": "uuid",
                    "value": "{3233d216-c6ba-4d93-a596-ec885f4e8911}",
                    "visible": true
                },
                "name": {
                    "enabled": true,
                    "type": "text",
                    "value": "Plug",
                    "visible": true
                },
                "path": {
                    "enabled": true,
                    "type": "text",
                    "value": "/",
                    "visible": true
                }
            },
            "values": [
                {
                    "language": "{0fe0d6eb-e491-4a50-9071-b59f6a059fd4}",
                    "value": "Plug the\\ncharger into\\nyour car to\\ncontinue"
                }
            ]
        },
        {
            "properties": {
                "__categories": [
                ],
                "__groups": [
                ],
                "description": {
                    "enabled": true,
                    "type": "text",
                    "value": "",
                    "visible": true
                },
                "id": {
                    "enabled": true,
                    "type": "uuid",
                    "value": "{3a7a1830-77ef-44ed-9a87-11edd402e355}",
                    "visible": true
                },
                "name": {
                    "enabled": true,
                    "type": "text",
                    "value": "BattPctValue",
                    "visible": true
                },
                "path": {
                    "enabled": true,
                    "type": "text",
                    "value": "/",
                    "visible": true
                }
            },
            "values": [
                {
                    "language": "{0fe0d6eb-e491-4a50-9071-b59f6a059fd4}",
                    "value": "40 %"
                }
            ]
        },
        {
            "properties": {
                "__categories": [
                ],
                "__groups": [
                ],
                "description": {
                    "enabled": true,
                    "type": "text",
                    "value": "",
                    "visible": true
                },
                "id": {
                    "enabled": true,
                    "type": "uuid",
                    "value": "{4d080183-62bb-4f3f-b503-4d8c54b61ad0}",
                    "visible": true
                },
                "name": {
                    "enabled": true,
                    "type": "text",
                    "value": "DelEnergy",
                    "visible": true
                },
                "path": {
                    "enabled": true,
                    "type": "text",
                    "value": "/",
                    "visible": true
                }
            },
            "values": [
                {
                    "language": "{0fe0d6eb-e491-4a50-9071-b59f6a059fd4}",
                    "value": "Delivered Energy"
                }
            ]
        },
        {
            "properties": {
                "__categories": [
                ],
                "__groups": [
                ],
                "description": {
                    "enabled": true,
                    "type": "text",
                    "value": "",
                    "visible": true
                },
                "id": {
                    "enabled": true,
                    "type": "uuid",
                    "value": "{52a6a5fa-66a4-4f38-906d-f67113c02e4b}",
                    "visible": true
                },
                "name": {
                    "enabled": true,
                    "type": "text",
                    "value": "Charging",
                    "visible": true
                },
                "path": {
                    "enabled": true,
                    "type": "text",
                    "value": "/",
                    "visible": true
                }
            },
            "values": [
                {
                    "language": "{0fe0d6eb-e491-4a50-9071-b59f6a059fd4}",
                    "value": "Charging"
                }
            ]
        },
        {
            "properties": {
                "__categories": [
                ],
                "__groups": [
                ],
                "description": {
                    "enabled": true,
                    "type": "text",
                    "value": "",
                    "visible": true
                },
                "id": {
                    "enabled": true,
                    "type": "uuid",
                    "value": "{5494fe0a-7ba0-4ed6-b739-9e9ad3deb51d}",
                    "visible": true
                },
                "name": {
                    "enabled": true,
                    "type": "text",
                    "value": "ElapsedTimeValue",
                    "visible": true
                },
                "path": {
                    "enabled": true,
                    "type": "text",
                    "value": "/",
                    "visible": true
                }
            },
            "values": [
                {
                    "language": "{0fe0d6eb-e491-4a50-9071-b59f6a059fd4}",
                    "value": "00:16"
                }
            ]
        },
        {
            "properties": {
                "__categories": [
                ],
                "__groups": [
                ],
                "description": {
                    "enabled": true,
                    "type": "text",
                    "value": "",
                    "visible": true
                },
                "id": {
                    "enabled": true,
                    "type": "uuid",
                    "value": "{60a8bbf6-b0b1-4baf-936a-4f5e12555f27}",
                    "visible": true
                },
                "name": {
                    "enabled": true,
                    "type": "text",
                    "value": "TimeValue",
                    "visible": true
                },
                "path": {
                    "enabled": true,
                    "type": "text",
                    "value": "/",
                    "visible": true
                }
            },
            "values": [
                {
                    "language": "{0fe0d6eb-e491-4a50-9071-b59f6a059fd4}",
                    "value": "5:03 pm"
                }
            ]
        },
        {
            "properties": {
                "__categories": [
                ],
                "__groups": [
                ],
                "description": {
                    "enabled": true,
                    "type": "text",
                    "value": "",
                    "visible": true
                },
                "id": {
                    "enabled": true,
                    "type": "uuid",
                    "value": "{638e37d9-a5c5-49e4-8b60-8901c024c429}",
                    "visible": true
                },
                "name": {
                    "enabled": true,
                    "type": "text",
                    "value": "GraphLabel",
                    "visible": true
                },
                "path": {
                    "enabled": true,
                    "type": "text",
                    "value": "/",
                    "visible": true
                }
            },
            "values": [
                {
                    "language": "{0fe0d6eb-e491-4a50-9071-b59f6a059fd4}",
                    "value": "Output Power (kw) vs Time (min)"
                }
            ]
        },
        {
            "properties": {
                "__categories": [
                ],
                "__groups": [
                ],
                "description": {
                    "enabled": true,
                    "type": "text",
                    "value": "",
                    "visible": true
                },
                "id": {
                    "enabled": true,
                    "type": "uuid",
                    "value": "{76d2f91c-ee8d-4755-9bed-954e82d72190}",
                    "visible": true
                },
                "name": {
                    "enabled": true,
                    "type": "text",
                    "value": "PaymentTitle",
                    "visible": true
                },
                "path": {
                    "enabled": true,
                    "type": "text",
                    "value": "/",
                    "visible": true
                }
            },
            "values": [
                {
                    "language": "{0fe0d6eb-e491-4a50-9071-b59f6a059fd4}",
                    "value": "Enter Payment Method\\nto Begin Fueling"
                }
            ]
        },
        {
            "properties": {
                "__categories": [
                ],
                "__groups": [
                ],
                "description": {
                    "enabled": true,
                    "type": "text",
                    "value": "",
                    "visible": true
                },
                "id": {
                    "enabled": true,
                    "type": "uuid",
                    "value": "{7997805b-2a45-4eb6-9f1f-7c9cbafc1837}",
                    "visible": true
                },
                "name": {
                    "enabled": true,
                    "type": "text",
                    "value": "ElapsedTime",
                    "visible": true
                },
                "path": {
                    "enabled": true,
                    "type": "text",
                    "value": "/",
                    "visible": true
                }
            },
            "values": [
                {
                    "language": "{0fe0d6eb-e491-4a50-9071-b59f6a059fd4}",
                    "value": "Elapsed Time"
                }
            ]
        },
        {
            "properties": {
                "__categories": [
                ],
                "__groups": [
                ],
                "description": {
                    "enabled": true,
                    "type": "text",
                    "value": "",
                    "visible": true
                },
                "id": {
                    "enabled": true,
                    "type": "uuid",
                    "value": "{7f2fd57e-1431-4f85-9f83-737d17b901ba}",
                    "visible": true
                },
                "name": {
                    "enabled": true,
                    "type": "text",
                    "value": "PayInBrowser",
                    "visible": true
                },
                "path": {
                    "enabled": true,
                    "type": "text",
                    "value": "/",
                    "visible": true
                }
            },
            "values": [
                {
                    "language": "{0fe0d6eb-e491-4a50-9071-b59f6a059fd4}",
                    "value": "Pay in Browser"
                }
            ]
        },
        {
            "properties": {
                "__categories": [
                ],
                "__groups": [
                ],
                "description": {
                    "enabled": true,
                    "type": "text",
                    "value": "",
                    "visible": true
                },
                "id": {
                    "enabled": true,
                    "type": "uuid",
                    "value": "{7f62ee36-c42d-418b-a706-6d0b33efa471}",
                    "visible": true
                },
                "name": {
                    "enabled": true,
                    "type": "text",
                    "value": "DelEnergyValue",
                    "visible": true
                },
                "path": {
                    "enabled": true,
                    "type": "text",
                    "value": "/",
                    "visible": true
                }
            },
            "values": [
                {
                    "language": "{0fe0d6eb-e491-4a50-9071-b59f6a059fd4}",
                    "value": "80 kWh"
                }
            ]
        },
        {
            "properties": {
                "__categories": [
                ],
                "__groups": [
                ],
                "description": {
                    "enabled": true,
                    "type": "text",
                    "value": "",
                    "visible": true
                },
                "id": {
                    "enabled": true,
                    "type": "uuid",
                    "value": "{99f89588-814e-4e8d-9052-4956235b5e53}",
                    "visible": true
                },
                "name": {
                    "enabled": true,
                    "type": "text",
                    "value": "OutputPower",
                    "visible": true
                },
                "path": {
                    "enabled": true,
                    "type": "text",
                    "value": "/",
                    "visible": true
                }
            },
            "values": [
                {
                    "language": "{0fe0d6eb-e491-4a50-9071-b59f6a059fd4}",
                    "value": "Output Power (kW)"
                }
            ]
        },
        {
            "properties": {
                "__categories": [
                ],
                "__groups": [
                ],
                "description": {
                    "enabled": true,
                    "type": "text",
                    "value": "",
                    "visible": true
                },
                "id": {
                    "enabled": true,
                    "type": "uuid",
                    "value": "{a02267be-c217-4b0c-a6d1-57b72e6fb1ba}",
                    "visible": true
                },
                "name": {
                    "enabled": true,
                    "type": "text",
                    "value": "PayCC",
                    "visible": true
                },
                "path": {
                    "enabled": true,
                    "type": "text",
                    "value": "/",
                    "visible": true
                }
            },
            "values": [
                {
                    "language": "{0fe0d6eb-e491-4a50-9071-b59f6a059fd4}",
                    "value": "Credit Card"
                }
            ]
        },
        {
            "properties": {
                "__categories": [
                ],
                "__groups": [
                ],
                "description": {
                    "enabled": true,
                    "type": "text",
                    "value": "",
                    "visible": true
                },
                "id": {
                    "enabled": true,
                    "type": "uuid",
                    "value": "{a2741c3e-9cd9-48a3-adc7-2963ff09155b}",
                    "visible": true
                },
                "name": {
                    "enabled": true,
                    "type": "text",
                    "value": "BattFullValue",
                    "visible": true
                },
                "path": {
                    "enabled": true,
                    "type": "text",
                    "value": "/",
                    "visible": true
                }
            },
            "values": [
                {
                    "language": "{0fe0d6eb-e491-4a50-9071-b59f6a059fd4}",
                    "value": "100 %"
                }
            ]
        },
        {
            "properties": {
                "__categories": [
                ],
                "__groups": [
                ],
                "description": {
                    "enabled": true,
                    "type": "text",
                    "value": "",
                    "visible": true
                },
                "id": {
                    "enabled": true,
                    "type": "uuid",
                    "value": "{aa2c6b22-77ca-45c8-b775-0f41eb34f813}",
                    "visible": true
                },
                "name": {
                    "enabled": true,
                    "type": "text",
                    "value": "OutputPowerValue",
                    "visible": true
                },
                "path": {
                    "enabled": true,
                    "type": "text",
                    "value": "/",
                    "visible": true
                }
            },
            "values": [
                {
                    "language": "{0fe0d6eb-e491-4a50-9071-b59f6a059fd4}",
                    "value": "350 kW"
                }
            ]
        },
        {
            "properties": {
                "__categories": [
                ],
                "__groups": [
                ],
                "description": {
                    "enabled": true,
                    "type": "text",
                    "value": "",
                    "visible": true
                },
                "id": {
                    "enabled": true,
                    "type": "uuid",
                    "value": "{aa8d3f11-f99a-4331-a969-267b8da6e20f}",
                    "visible": true
                },
                "name": {
                    "enabled": true,
                    "type": "text",
                    "value": "Average",
                    "visible": true
                },
                "path": {
                    "enabled": true,
                    "type": "text",
                    "value": "/",
                    "visible": true
                }
            },
            "values": [
                {
                    "language": "{0fe0d6eb-e491-4a50-9071-b59f6a059fd4}",
                    "value": "Average"
                }
            ]
        },
        {
            "properties": {
                "__categories": [
                ],
                "__groups": [
                ],
                "description": {
                    "enabled": true,
                    "type": "text",
                    "value": "",
                    "visible": true
                },
                "id": {
                    "enabled": true,
                    "type": "uuid",
                    "value": "{b32bebc7-7669-4144-b72e-ba39b9e7c053}",
                    "visible": true
                },
                "name": {
                    "enabled": true,
                    "type": "text",
                    "value": "RemTime",
                    "visible": true
                },
                "path": {
                    "enabled": true,
                    "type": "text",
                    "value": "/",
                    "visible": true
                }
            },
            "values": [
                {
                    "language": "{0fe0d6eb-e491-4a50-9071-b59f6a059fd4}",
                    "value": "Remaining Time"
                }
            ]
        },
        {
            "properties": {
                "__categories": [
                ],
                "__groups": [
                ],
                "description": {
                    "enabled": true,
                    "type": "text",
                    "value": "",
                    "visible": true
                },
                "id": {
                    "enabled": true,
                    "type": "uuid",
                    "value": "{b7dbd226-21bb-4a89-a00a-60025e2b64fd}",
                    "visible": true
                },
                "name": {
                    "enabled": true,
                    "type": "text",
                    "value": "RemTimeValue",
                    "visible": true
                },
                "path": {
                    "enabled": true,
                    "type": "text",
                    "value": "/",
                    "visible": true
                }
            },
            "values": [
                {
                    "language": "{0fe0d6eb-e491-4a50-9071-b59f6a059fd4}",
                    "value": "20:24"
                }
            ]
        },
        {
            "properties": {
                "__categories": [
                ],
                "__groups": [
                ],
                "description": {
                    "enabled": true,
                    "type": "text",
                    "value": "",
                    "visible": true
                },
                "id": {
                    "enabled": true,
                    "type": "uuid",
                    "value": "{cb8f7e06-5082-48ae-a3d9-dcb6880e41d4}",
                    "visible": true
                },
                "name": {
                    "enabled": true,
                    "type": "text",
                    "value": "OutPower",
                    "visible": true
                },
                "path": {
                    "enabled": true,
                    "type": "text",
                    "value": "/",
                    "visible": true
                }
            },
            "values": [
                {
                    "language": "{0fe0d6eb-e491-4a50-9071-b59f6a059fd4}",
                    "value": "Output Power"
                }
            ]
        },
        {
            "properties": {
                "__categories": [
                ],
                "__groups": [
                ],
                "description": {
                    "enabled": true,
                    "type": "text",
                    "value": "",
                    "visible": true
                },
                "id": {
                    "enabled": true,
                    "type": "uuid",
                    "value": "{d1c01097-37a7-4279-9deb-2486ce1d53ed}",
                    "visible": true
                },
                "name": {
                    "enabled": true,
                    "type": "text",
                    "value": "NotConnected",
                    "visible": true
                },
                "path": {
                    "enabled": true,
                    "type": "text",
                    "value": "/",
                    "visible": true
                }
            },
            "values": [
                {
                    "language": "{0fe0d6eb-e491-4a50-9071-b59f6a059fd4}",
                    "value": "Not Connected"
                }
            ]
        },
        {
            "properties": {
                "__categories": [
                ],
                "__groups": [
                ],
                "description": {
                    "enabled": true,
                    "type": "text",
                    "value": "",
                    "visible": true
                },
                "id": {
                    "enabled": true,
                    "type": "uuid",
                    "value": "{d4c3ab45-41c6-44a2-90a7-0bf6812a23c9}",
                    "visible": true
                },
                "name": {
                    "enabled": true,
                    "type": "text",
                    "value": "RFIDCard",
                    "visible": true
                },
                "path": {
                    "enabled": true,
                    "type": "text",
                    "value": "/",
                    "visible": true
                }
            },
            "values": [
                {
                    "language": "{0fe0d6eb-e491-4a50-9071-b59f6a059fd4}",
                    "value": "RFID Card"
                }
            ]
        },
        {
            "properties": {
                "__categories": [
                ],
                "__groups": [
                ],
                "description": {
                    "enabled": true,
                    "type": "text",
                    "value": "",
                    "visible": true
                },
                "id": {
                    "enabled": true,
                    "type": "uuid",
                    "value": "{d8a916bf-e53a-4d82-b272-670352f09616}",
                    "visible": true
                },
                "name": {
                    "enabled": true,
                    "type": "text",
                    "value": "ExitString",
                    "visible": true
                },
                "path": {
                    "enabled": true,
                    "type": "text",
                    "value": "/",
                    "visible": true
                }
            },
            "values": [
                {
                    "language": "{0fe0d6eb-e491-4a50-9071-b59f6a059fd4}",
                    "value": "Exit"
                }
            ]
        },
        {
            "properties": {
                "__categories": [
                ],
                "__groups": [
                ],
                "description": {
                    "enabled": true,
                    "type": "text",
                    "value": "",
                    "visible": true
                },
                "id": {
                    "enabled": true,
                    "type": "uuid",
                    "value": "{e5ea7af8-5966-4eda-bd9c-dfcde37fba3c}",
                    "visible": true
                },
                "name": {
                    "enabled": true,
                    "type": "text",
                    "value": "DateValue",
                    "visible": true
                },
                "path": {
                    "enabled": true,
                    "type": "text",
                    "value": "/",
                    "visible": true
                }
            },
            "values": [
                {
                    "language": "{0fe0d6eb-e491-4a50-9071-b59f6a059fd4}",
                    "value": "Mon Jun 12"
                }
            ]
        }
    ]
}
