{
    "bindings": [
        {
            "font": "{921a19ae-1f92-45e9-96c8-097fed5313d8}",
            "language": "{4fe48e10-dde8-4262-94ac-feaf982de84e}",
            "string": "{0691ec16-fa5e-47e7-8d9d-efedbd6422f7}"
        },
        {
            "font": "{9d7ed013-cafe-4861-887b-ac2c1062a883}",
            "language": "{4fe48e10-dde8-4262-94ac-feaf982de84e}",
            "string": "{07c8321b-93bc-4bbc-b715-a24d2d24b47b}"
        },
        {
            "font": "{921a19ae-1f92-45e9-96c8-097fed5313d8}",
            "language": "{4fe48e10-dde8-4262-94ac-feaf982de84e}",
            "string": "{0b80a8d8-596a-4c46-b2d3-6c089192bb7e}"
        },
        {
            "font": "{921a19ae-1f92-45e9-96c8-097fed5313d8}",
            "language": "{4fe48e10-dde8-4262-94ac-feaf982de84e}",
            "string": "{16bf66d1-b734-4bdb-afdb-f402ec443eb8}"
        },
        {
            "font": "{921a19ae-1f92-45e9-96c8-097fed5313d8}",
            "language": "{4fe48e10-dde8-4262-94ac-feaf982de84e}",
            "string": "{2fdbb6d7-72c9-40b8-bf6e-fcba78af3519}"
        },
        {
            "font": "{b104a612-7e7b-44da-b165-5c1f4b4ef352}",
            "language": "{4fe48e10-dde8-4262-94ac-feaf982de84e}",
            "string": "{382e3419-efda-477a-931f-86fcc9cde763}"
        },
        {
            "font": "{b104a612-7e7b-44da-b165-5c1f4b4ef352}",
            "language": "{4fe48e10-dde8-4262-94ac-feaf982de84e}",
            "string": "{41aae2c8-00c4-4504-9fa9-f8f534bf3d9f}"
        },
        {
            "font": "{b104a612-7e7b-44da-b165-5c1f4b4ef352}",
            "language": "{4fe48e10-dde8-4262-94ac-feaf982de84e}",
            "string": "{516124eb-c5b6-4b70-a7d5-4092a2dec7d1}"
        },
        {
            "font": "{b104a612-7e7b-44da-b165-5c1f4b4ef352}",
            "language": "{4fe48e10-dde8-4262-94ac-feaf982de84e}",
            "string": "{67df26c0-88e4-48cc-988c-2780771082a5}"
        },
        {
            "font": "{b104a612-7e7b-44da-b165-5c1f4b4ef352}",
            "language": "{4fe48e10-dde8-4262-94ac-feaf982de84e}",
            "string": "{810a7bc6-cdf1-4351-915f-8dcfd5c3418e}"
        },
        {
            "font": "{b104a612-7e7b-44da-b165-5c1f4b4ef352}",
            "language": "{4fe48e10-dde8-4262-94ac-feaf982de84e}",
            "string": "{864c7c53-971a-4d98-9eab-c83b80a7f20f}"
        },
        {
            "font": "{b104a612-7e7b-44da-b165-5c1f4b4ef352}",
            "language": "{4fe48e10-dde8-4262-94ac-feaf982de84e}",
            "string": "{89d08418-cd1e-45dd-8285-b95f61c51549}"
        },
        {
            "font": "{b104a612-7e7b-44da-b165-5c1f4b4ef352}",
            "language": "{4fe48e10-dde8-4262-94ac-feaf982de84e}",
            "string": "{aa29a97d-b096-4c9d-b997-d4ce2469c4b5}"
        },
        {
            "font": "{b104a612-7e7b-44da-b165-5c1f4b4ef352}",
            "language": "{4fe48e10-dde8-4262-94ac-feaf982de84e}",
            "string": "{be341c40-4bb4-4cdd-8900-d573c03c0bb6}"
        },
        {
            "font": "{b104a612-7e7b-44da-b165-5c1f4b4ef352}",
            "language": "{4fe48e10-dde8-4262-94ac-feaf982de84e}",
            "string": "{c360432a-78d0-4015-ab78-057e815e6f2c}"
        },
        {
            "font": "{b104a612-7e7b-44da-b165-5c1f4b4ef352}",
            "language": "{4fe48e10-dde8-4262-94ac-feaf982de84e}",
            "string": "{cf5af44a-5b87-4eb4-a849-1f4f1d90d152}"
        },
        {
            "font": "{b104a612-7e7b-44da-b165-5c1f4b4ef352}",
            "language": "{4fe48e10-dde8-4262-94ac-feaf982de84e}",
            "string": "{de7b1fa9-1c09-4403-b959-5baca4d6cc23}"
        },
        {
            "font": "{b104a612-7e7b-44da-b165-5c1f4b4ef352}",
            "language": "{4fe48e10-dde8-4262-94ac-feaf982de84e}",
            "string": "{f087d6e3-06d5-404e-a2ba-0b0db0573f84}"
        },
        {
            "font": "{ff13cb95-e354-41a5-b3b8-7068beba066c}",
            "language": "{4fe48e10-dde8-4262-94ac-feaf982de84e}",
            "string": "{4e3899fc-958d-4505-8d2c-d1e7ee81db69}"
        },
        {
            "font": "{ff13cb95-e354-41a5-b3b8-7068beba066c}",
            "language": "{4fe48e10-dde8-4262-94ac-feaf982de84e}",
            "string": "{57741434-7c95-4072-b8f8-6583ad5d2b45}"
        },
        {
            "font": "{921a19ae-1f92-45e9-96c8-097fed5313d8}",
            "language": "{4fe48e10-dde8-4262-94ac-feaf982de84e}",
            "string": "{57d35aeb-6e3f-46c1-bbfc-376b3f2bb4ce}"
        },
        {
            "font": "{ff13cb95-e354-41a5-b3b8-7068beba066c}",
            "language": "{4fe48e10-dde8-4262-94ac-feaf982de84e}",
            "string": "{62d44011-5bec-42cb-92e3-e9e3a9d48714}"
        },
        {
            "font": "{ff13cb95-e354-41a5-b3b8-7068beba066c}",
            "language": "{4fe48e10-dde8-4262-94ac-feaf982de84e}",
            "string": "{66adeacb-5f26-4460-97c3-6c12379833d4}"
        },
        {
            "font": "{ff13cb95-e354-41a5-b3b8-7068beba066c}",
            "language": "{4fe48e10-dde8-4262-94ac-feaf982de84e}",
            "string": "{6953f376-f2b3-443a-9a11-4f0c08cd5df8}"
        },
        {
            "font": "{ff13cb95-e354-41a5-b3b8-7068beba066c}",
            "language": "{4fe48e10-dde8-4262-94ac-feaf982de84e}",
            "string": "{6a08a42e-ceea-48f4-871a-24c3af94b09e}"
        },
        {
            "font": "{ff13cb95-e354-41a5-b3b8-7068beba066c}",
            "language": "{4fe48e10-dde8-4262-94ac-feaf982de84e}",
            "string": "{72b15917-39de-4419-b5ac-0d12c288d1a9}"
        },
        {
            "font": "{921a19ae-1f92-45e9-96c8-097fed5313d8}",
            "language": "{4fe48e10-dde8-4262-94ac-feaf982de84e}",
            "string": "{74faec99-8a56-40a7-8bfc-f8d2c1d028a5}"
        },
        {
            "font": "{ff13cb95-e354-41a5-b3b8-7068beba066c}",
            "language": "{4fe48e10-dde8-4262-94ac-feaf982de84e}",
            "string": "{1d56670e-2769-4b30-a3c5-3c9dcac1b779}"
        },
        {
            "font": "{ff13cb95-e354-41a5-b3b8-7068beba066c}",
            "language": "{4fe48e10-dde8-4262-94ac-feaf982de84e}",
            "string": "{75364b7a-85ae-4bff-8815-1023257b661f}"
        },
        {
            "font": "{ff13cb95-e354-41a5-b3b8-7068beba066c}",
            "language": "{4fe48e10-dde8-4262-94ac-feaf982de84e}",
            "string": "{79a80b14-ad62-434e-b548-5ee9a81e5a5a}"
        },
        {
            "font": "{ff13cb95-e354-41a5-b3b8-7068beba066c}",
            "language": "{4fe48e10-dde8-4262-94ac-feaf982de84e}",
            "string": "{7dfba654-1bfc-4b42-9dc6-da815bb7a7c3}"
        },
        {
            "font": "{ff13cb95-e354-41a5-b3b8-7068beba066c}",
            "language": "{4fe48e10-dde8-4262-94ac-feaf982de84e}",
            "string": "{87d5869a-2f99-4e4b-ab4e-067af21aa6f7}"
        },
        {
            "font": "{ff13cb95-e354-41a5-b3b8-7068beba066c}",
            "language": "{4fe48e10-dde8-4262-94ac-feaf982de84e}",
            "string": "{9554d2c8-5956-42d6-8376-938dd0705211}"
        },
        {
            "font": "{ff13cb95-e354-41a5-b3b8-7068beba066c}",
            "language": "{4fe48e10-dde8-4262-94ac-feaf982de84e}",
            "string": "{ae1b2f3b-a8cb-4544-95b5-f3a478894a65}"
        },
        {
            "font": "{ff13cb95-e354-41a5-b3b8-7068beba066c}",
            "language": "{4fe48e10-dde8-4262-94ac-feaf982de84e}",
            "string": "{b5f21561-ee4e-4bca-8108-d702d900489c}"
        },
        {
            "font": "{ff13cb95-e354-41a5-b3b8-7068beba066c}",
            "language": "{4fe48e10-dde8-4262-94ac-feaf982de84e}",
            "string": "{b667c1ec-b218-4811-b9f8-4fe4a52314e3}"
        },
        {
            "font": "{ff13cb95-e354-41a5-b3b8-7068beba066c}",
            "language": "{4fe48e10-dde8-4262-94ac-feaf982de84e}",
            "string": "{ba280a89-39b6-4982-8e6b-842795013ff2}"
        },
        {
            "font": "{ff13cb95-e354-41a5-b3b8-7068beba066c}",
            "language": "{4fe48e10-dde8-4262-94ac-feaf982de84e}",
            "string": "{c201d88a-14c5-4b4e-b8bf-b12fe91d045f}"
        },
        {
            "font": "{ff13cb95-e354-41a5-b3b8-7068beba066c}",
            "language": "{4fe48e10-dde8-4262-94ac-feaf982de84e}",
            "string": "{d2b5abf1-7773-4e77-a667-f35f4b62c884}"
        },
        {
            "font": "{ff13cb95-e354-41a5-b3b8-7068beba066c}",
            "language": "{4fe48e10-dde8-4262-94ac-feaf982de84e}",
            "string": "{f8c79e37-2b6f-44e0-88de-d198f3f6c9ae}"
        },
        {
            "font": "{ff13cb95-e354-41a5-b3b8-7068beba066c}",
            "language": "{4fe48e10-dde8-4262-94ac-feaf982de84e}",
            "string": "{fee558cb-1418-4744-bf0f-2c31fb7ed4e2}"
        }
    ],
    "defaultLanguage": "{4fe48e10-dde8-4262-94ac-feaf982de84e}",
    "encoding": "ASCII",
    "languages": [
        {
            "properties": {
                "__categories": [
                ],
                "__groups": [
                ],
                "enabled": {
                    "enabled": true,
                    "type": "boolean",
                    "value": true,
                    "visible": true
                },
                "id": {
                    "enabled": true,
                    "type": "uuid",
                    "value": "{4fe48e10-dde8-4262-94ac-feaf982de84e}",
                    "visible": true
                },
                "name": {
                    "enabled": true,
                    "type": "text",
                    "value": "Default",
                    "visible": true
                }
            }
        }
    ],
    "paths": [
    ],
    "strings": [
        {
            "properties": {
                "__categories": [
                ],
                "__groups": [
                ],
                "description": {
                    "enabled": true,
                    "type": "text",
                    "value": "",
                    "visible": true
                },
                "id": {
                    "enabled": true,
                    "type": "uuid",
                    "value": "{0691ec16-fa5e-47e7-8d9d-efedbd6422f7}",
                    "visible": true
                },
                "name": {
                    "enabled": true,
                    "type": "text",
                    "value": "strMono",
                    "visible": true
                },
                "path": {
                    "enabled": true,
                    "type": "text",
                    "value": "/",
                    "visible": true
                }
            },
            "values": [
                {
                    "language": "{4fe48e10-dde8-4262-94ac-feaf982de84e}",
                    "value": "Mono"
                }
            ]
        },
        {
            "properties": {
                "__categories": [
                ],
                "__groups": [
                ],
                "description": {
                    "enabled": true,
                    "type": "text",
                    "value": "",
                    "visible": true
                },
                "id": {
                    "enabled": true,
                    "type": "uuid",
                    "value": "{07c8321b-93bc-4bbc-b715-a24d2d24b47b}",
                    "visible": true
                },
                "name": {
                    "enabled": true,
                    "type": "text",
                    "value": "strClassD",
                    "visible": true
                },
                "path": {
                    "enabled": true,
                    "type": "text",
                    "value": "/",
                    "visible": true
                }
            },
            "values": [
                {
                    "language": "{4fe48e10-dde8-4262-94ac-feaf982de84e}",
                    "value": "Class D Amplifier"
                }
            ]
        },
        {
            "properties": {
                "__categories": [
                ],
                "__groups": [
                ],
                "description": {
                    "enabled": true,
                    "type": "text",
                    "value": "",
                    "visible": true
                },
                "id": {
                    "enabled": true,
                    "type": "uuid",
                    "value": "{0b80a8d8-596a-4c46-b2d3-6c089192bb7e}",
                    "visible": true
                },
                "name": {
                    "enabled": true,
                    "type": "text",
                    "value": "strMonoType",
                    "visible": true
                },
                "path": {
                    "enabled": true,
                    "type": "text",
                    "value": "/",
                    "visible": true
                }
            },
            "values": [
                {
                    "language": "{4fe48e10-dde8-4262-94ac-feaf982de84e}",
                    "value": "Mono Type"
                }
            ]
        },
        {
            "properties": {
                "__categories": [
                ],
                "__groups": [
                ],
                "description": {
                    "enabled": true,
                    "type": "text",
                    "value": "",
                    "visible": true
                },
                "id": {
                    "enabled": true,
                    "type": "uuid",
                    "value": "{16bf66d1-b734-4bdb-afdb-f402ec443eb8}",
                    "visible": true
                },
                "name": {
                    "enabled": true,
                    "type": "text",
                    "value": "strVol",
                    "visible": true
                },
                "path": {
                    "enabled": true,
                    "type": "text",
                    "value": "/",
                    "visible": true
                }
            },
            "values": [
                {
                    "language": "{4fe48e10-dde8-4262-94ac-feaf982de84e}",
                    "value": "Volume"
                }
            ]
        },
        {
            "properties": {
                "__categories": [
                ],
                "__groups": [
                ],
                "description": {
                    "enabled": true,
                    "type": "text",
                    "value": "",
                    "visible": true
                },
                "id": {
                    "enabled": true,
                    "type": "uuid",
                    "value": "{1d56670e-2769-4b30-a3c5-3c9dcac1b779}",
                    "visible": true
                },
                "name": {
                    "enabled": true,
                    "type": "text",
                    "value": "strn3",
                    "visible": true
                },
                "path": {
                    "enabled": true,
                    "type": "text",
                    "value": "/",
                    "visible": true
                }
            },
            "values": [
                {
                    "language": "{4fe48e10-dde8-4262-94ac-feaf982de84e}",
                    "value": "-3"
                }
            ]
        },
        {
            "properties": {
                "__categories": [
                ],
                "__groups": [
                ],
                "description": {
                    "enabled": true,
                    "type": "text",
                    "value": "",
                    "visible": true
                },
                "id": {
                    "enabled": true,
                    "type": "uuid",
                    "value": "{2fdbb6d7-72c9-40b8-bf6e-fcba78af3519}",
                    "visible": true
                },
                "name": {
                    "enabled": true,
                    "type": "text",
                    "value": "strSourceSelect",
                    "visible": true
                },
                "path": {
                    "enabled": true,
                    "type": "text",
                    "value": "/",
                    "visible": true
                }
            },
            "values": [
                {
                    "language": "{4fe48e10-dde8-4262-94ac-feaf982de84e}",
                    "value": "Select Source"
                }
            ]
        },
        {
            "properties": {
                "__categories": [
                ],
                "__groups": [
                ],
                "description": {
                    "enabled": true,
                    "type": "text",
                    "value": "",
                    "visible": true
                },
                "id": {
                    "enabled": true,
                    "type": "uuid",
                    "value": "{382e3419-efda-477a-931f-86fcc9cde763}",
                    "visible": true
                },
                "name": {
                    "enabled": true,
                    "type": "text",
                    "value": "strDeemph",
                    "visible": true
                },
                "path": {
                    "enabled": true,
                    "type": "text",
                    "value": "/",
                    "visible": true
                }
            },
            "values": [
                {
                    "language": "{4fe48e10-dde8-4262-94ac-feaf982de84e}",
                    "value": "Deemphasis\\nFilter"
                }
            ]
        },
        {
            "properties": {
                "__categories": [
                ],
                "__groups": [
                ],
                "description": {
                    "enabled": true,
                    "type": "text",
                    "value": "",
                    "visible": true
                },
                "id": {
                    "enabled": true,
                    "type": "uuid",
                    "value": "{41aae2c8-00c4-4504-9fa9-f8f534bf3d9f}",
                    "visible": true
                },
                "name": {
                    "enabled": true,
                    "type": "text",
                    "value": "strEnabled",
                    "visible": true
                },
                "path": {
                    "enabled": true,
                    "type": "text",
                    "value": "/",
                    "visible": true
                }
            },
            "values": [
                {
                    "language": "{4fe48e10-dde8-4262-94ac-feaf982de84e}",
                    "value": "Enabled"
                }
            ]
        },
        {
            "properties": {
                "__categories": [
                ],
                "__groups": [
                ],
                "description": {
                    "enabled": true,
                    "type": "text",
                    "value": "",
                    "visible": true
                },
                "id": {
                    "enabled": true,
                    "type": "uuid",
                    "value": "{4e3899fc-958d-4505-8d2c-d1e7ee81db69}",
                    "visible": true
                },
                "name": {
                    "enabled": true,
                    "type": "text",
                    "value": "strn6",
                    "visible": true
                },
                "path": {
                    "enabled": true,
                    "type": "text",
                    "value": "/",
                    "visible": true
                }
            },
            "values": [
                {
                    "language": "{4fe48e10-dde8-4262-94ac-feaf982de84e}",
                    "value": "-6"
                }
            ]
        },
        {
            "properties": {
                "__categories": [
                ],
                "__groups": [
                ],
                "description": {
                    "enabled": true,
                    "type": "text",
                    "value": "",
                    "visible": true
                },
                "id": {
                    "enabled": true,
                    "type": "uuid",
                    "value": "{516124eb-c5b6-4b70-a7d5-4092a2dec7d1}",
                    "visible": true
                },
                "name": {
                    "enabled": true,
                    "type": "text",
                    "value": "strLeft",
                    "visible": true
                },
                "path": {
                    "enabled": true,
                    "type": "text",
                    "value": "/",
                    "visible": true
                }
            },
            "values": [
                {
                    "language": "{4fe48e10-dde8-4262-94ac-feaf982de84e}",
                    "value": "Left"
                }
            ]
        },
        {
            "properties": {
                "__categories": [
                ],
                "__groups": [
                ],
                "description": {
                    "enabled": true,
                    "type": "text",
                    "value": "",
                    "visible": true
                },
                "id": {
                    "enabled": true,
                    "type": "uuid",
                    "value": "{57741434-7c95-4072-b8f8-6583ad5d2b45}",
                    "visible": true
                },
                "name": {
                    "enabled": true,
                    "type": "text",
                    "value": "strn10",
                    "visible": true
                },
                "path": {
                    "enabled": true,
                    "type": "text",
                    "value": "/",
                    "visible": true
                }
            },
            "values": [
                {
                    "language": "{4fe48e10-dde8-4262-94ac-feaf982de84e}",
                    "value": "-10"
                }
            ]
        },
        {
            "properties": {
                "__categories": [
                ],
                "__groups": [
                ],
                "description": {
                    "enabled": true,
                    "type": "text",
                    "value": "",
                    "visible": true
                },
                "id": {
                    "enabled": true,
                    "type": "uuid",
                    "value": "{57d35aeb-6e3f-46c1-bbfc-376b3f2bb4ce}",
                    "visible": true
                },
                "name": {
                    "enabled": true,
                    "type": "text",
                    "value": "strSwap",
                    "visible": true
                },
                "path": {
                    "enabled": true,
                    "type": "text",
                    "value": "/",
                    "visible": true
                }
            },
            "values": [
                {
                    "language": "{4fe48e10-dde8-4262-94ac-feaf982de84e}",
                    "value": "Swap"
                }
            ]
        },
        {
            "properties": {
                "__categories": [
                ],
                "__groups": [
                ],
                "description": {
                    "enabled": true,
                    "type": "text",
                    "value": "",
                    "visible": true
                },
                "id": {
                    "enabled": true,
                    "type": "uuid",
                    "value": "{62d44011-5bec-42cb-92e3-e9e3a9d48714}",
                    "visible": true
                },
                "name": {
                    "enabled": true,
                    "type": "text",
                    "value": "strn15",
                    "visible": true
                },
                "path": {
                    "enabled": true,
                    "type": "text",
                    "value": "/",
                    "visible": true
                }
            },
            "values": [
                {
                    "language": "{4fe48e10-dde8-4262-94ac-feaf982de84e}",
                    "value": "-15"
                }
            ]
        },
        {
            "properties": {
                "__categories": [
                ],
                "__groups": [
                ],
                "description": {
                    "enabled": true,
                    "type": "text",
                    "value": "",
                    "visible": true
                },
                "id": {
                    "enabled": true,
                    "type": "uuid",
                    "value": "{66adeacb-5f26-4460-97c3-6c12379833d4}",
                    "visible": true
                },
                "name": {
                    "enabled": true,
                    "type": "text",
                    "value": "strMid",
                    "visible": true
                },
                "path": {
                    "enabled": true,
                    "type": "text",
                    "value": "/",
                    "visible": true
                }
            },
            "values": [
                {
                    "language": "{4fe48e10-dde8-4262-94ac-feaf982de84e}",
                    "value": "Mid"
                }
            ]
        },
        {
            "properties": {
                "__categories": [
                ],
                "__groups": [
                ],
                "description": {
                    "enabled": true,
                    "type": "text",
                    "value": "",
                    "visible": true
                },
                "id": {
                    "enabled": true,
                    "type": "uuid",
                    "value": "{67df26c0-88e4-48cc-988c-2780771082a5}",
                    "visible": true
                },
                "name": {
                    "enabled": true,
                    "type": "text",
                    "value": "strMute",
                    "visible": true
                },
                "path": {
                    "enabled": true,
                    "type": "text",
                    "value": "/",
                    "visible": true
                }
            },
            "values": [
                {
                    "language": "{4fe48e10-dde8-4262-94ac-feaf982de84e}",
                    "value": "Mute"
                }
            ]
        },
        {
            "properties": {
                "__categories": [
                ],
                "__groups": [
                ],
                "description": {
                    "enabled": true,
                    "type": "text",
                    "value": "",
                    "visible": true
                },
                "id": {
                    "enabled": true,
                    "type": "uuid",
                    "value": "{6953f376-f2b3-443a-9a11-4f0c08cd5df8}",
                    "visible": true
                },
                "name": {
                    "enabled": true,
                    "type": "text",
                    "value": "strn25",
                    "visible": true
                },
                "path": {
                    "enabled": true,
                    "type": "text",
                    "value": "/",
                    "visible": true
                }
            },
            "values": [
                {
                    "language": "{4fe48e10-dde8-4262-94ac-feaf982de84e}",
                    "value": "-25"
                }
            ]
        },
        {
            "properties": {
                "__categories": [
                ],
                "__groups": [
                ],
                "description": {
                    "enabled": true,
                    "type": "text",
                    "value": "",
                    "visible": true
                },
                "id": {
                    "enabled": true,
                    "type": "uuid",
                    "value": "{6a08a42e-ceea-48f4-871a-24c3af94b09e}",
                    "visible": true
                },
                "name": {
                    "enabled": true,
                    "type": "text",
                    "value": "str12",
                    "visible": true
                },
                "path": {
                    "enabled": true,
                    "type": "text",
                    "value": "/",
                    "visible": true
                }
            },
            "values": [
                {
                    "language": "{4fe48e10-dde8-4262-94ac-feaf982de84e}",
                    "value": "+12"
                }
            ]
        },
        {
            "properties": {
                "__categories": [
                ],
                "__groups": [
                ],
                "description": {
                    "enabled": true,
                    "type": "text",
                    "value": "",
                    "visible": true
                },
                "id": {
                    "enabled": true,
                    "type": "uuid",
                    "value": "{72b15917-39de-4419-b5ac-0d12c288d1a9}",
                    "visible": true
                },
                "name": {
                    "enabled": true,
                    "type": "text",
                    "value": "strn8",
                    "visible": true
                },
                "path": {
                    "enabled": true,
                    "type": "text",
                    "value": "/",
                    "visible": true
                }
            },
            "values": [
                {
                    "language": "{4fe48e10-dde8-4262-94ac-feaf982de84e}",
                    "value": "-8"
                }
            ]
        },
        {
            "properties": {
                "__categories": [
                ],
                "__groups": [
                ],
                "description": {
                    "enabled": true,
                    "type": "text",
                    "value": "",
                    "visible": true
                },
                "id": {
                    "enabled": true,
                    "type": "uuid",
                    "value": "{74faec99-8a56-40a7-8bfc-f8d2c1d028a5}",
                    "visible": true
                },
                "name": {
                    "enabled": true,
                    "type": "text",
                    "value": "strEq",
                    "visible": true
                },
                "path": {
                    "enabled": true,
                    "type": "text",
                    "value": "/",
                    "visible": true
                }
            },
            "values": [
                {
                    "language": "{4fe48e10-dde8-4262-94ac-feaf982de84e}",
                    "value": "Equalizer"
                }
            ]
        },
        {
            "properties": {
                "__categories": [
                ],
                "__groups": [
                ],
                "description": {
                    "enabled": true,
                    "type": "text",
                    "value": "",
                    "visible": true
                },
                "id": {
                    "enabled": true,
                    "type": "uuid",
                    "value": "{75364b7a-85ae-4bff-8815-1023257b661f}",
                    "visible": true
                },
                "name": {
                    "enabled": true,
                    "type": "text",
                    "value": "strSource",
                    "visible": true
                },
                "path": {
                    "enabled": true,
                    "type": "text",
                    "value": "/",
                    "visible": true
                }
            },
            "values": [
                {
                    "language": "{4fe48e10-dde8-4262-94ac-feaf982de84e}",
                    "value": "Source"
                }
            ]
        },
        {
            "properties": {
                "__categories": [
                ],
                "__groups": [
                ],
                "description": {
                    "enabled": true,
                    "type": "text",
                    "value": "",
                    "visible": true
                },
                "id": {
                    "enabled": true,
                    "type": "uuid",
                    "value": "{79a80b14-ad62-434e-b548-5ee9a81e5a5a}",
                    "visible": true
                },
                "name": {
                    "enabled": true,
                    "type": "text",
                    "value": "str0",
                    "visible": true
                },
                "path": {
                    "enabled": true,
                    "type": "text",
                    "value": "/",
                    "visible": true
                }
            },
            "values": [
                {
                    "language": "{4fe48e10-dde8-4262-94ac-feaf982de84e}",
                    "value": "0"
                }
            ]
        },
        {
            "properties": {
                "__categories": [
                ],
                "__groups": [
                ],
                "description": {
                    "enabled": true,
                    "type": "text",
                    "value": "",
                    "visible": true
                },
                "id": {
                    "enabled": true,
                    "type": "uuid",
                    "value": "{7dfba654-1bfc-4b42-9dc6-da815bb7a7c3}",
                    "visible": true
                },
                "name": {
                    "enabled": true,
                    "type": "text",
                    "value": "strBass",
                    "visible": true
                },
                "path": {
                    "enabled": true,
                    "type": "text",
                    "value": "/",
                    "visible": true
                }
            },
            "values": [
                {
                    "language": "{4fe48e10-dde8-4262-94ac-feaf982de84e}",
                    "value": "Bass"
                }
            ]
        },
        {
            "properties": {
                "__categories": [
                ],
                "__groups": [
                ],
                "description": {
                    "enabled": true,
                    "type": "text",
                    "value": "",
                    "visible": true
                },
                "id": {
                    "enabled": true,
                    "type": "uuid",
                    "value": "{810a7bc6-cdf1-4351-915f-8dcfd5c3418e}",
                    "visible": true
                },
                "name": {
                    "enabled": true,
                    "type": "text",
                    "value": "strSat",
                    "visible": true
                },
                "path": {
                    "enabled": true,
                    "type": "text",
                    "value": "/",
                    "visible": true
                }
            },
            "values": [
                {
                    "language": "{4fe48e10-dde8-4262-94ac-feaf982de84e}",
                    "value": "Sat"
                }
            ]
        },
        {
            "properties": {
                "__categories": [
                ],
                "__groups": [
                ],
                "description": {
                    "enabled": true,
                    "type": "text",
                    "value": "",
                    "visible": true
                },
                "id": {
                    "enabled": true,
                    "type": "uuid",
                    "value": "{864c7c53-971a-4d98-9eab-c83b80a7f20f}",
                    "visible": true
                },
                "name": {
                    "enabled": true,
                    "type": "text",
                    "value": "strPause",
                    "visible": true
                },
                "path": {
                    "enabled": true,
                    "type": "text",
                    "value": "/",
                    "visible": true
                }
            },
            "values": [
                {
                    "language": "{4fe48e10-dde8-4262-94ac-feaf982de84e}",
                    "value": "Pause"
                }
            ]
        },
        {
            "properties": {
                "__categories": [
                ],
                "__groups": [
                ],
                "description": {
                    "enabled": true,
                    "type": "text",
                    "value": "",
                    "visible": true
                },
                "id": {
                    "enabled": true,
                    "type": "uuid",
                    "value": "{87d5869a-2f99-4e4b-ab4e-067af21aa6f7}",
                    "visible": true
                },
                "name": {
                    "enabled": true,
                    "type": "text",
                    "value": "str5",
                    "visible": true
                },
                "path": {
                    "enabled": true,
                    "type": "text",
                    "value": "/",
                    "visible": true
                }
            },
            "values": [
                {
                    "language": "{4fe48e10-dde8-4262-94ac-feaf982de84e}",
                    "value": "5"
                }
            ]
        },
        {
            "properties": {
                "__categories": [
                ],
                "__groups": [
                ],
                "description": {
                    "enabled": true,
                    "type": "text",
                    "value": "",
                    "visible": true
                },
                "id": {
                    "enabled": true,
                    "type": "uuid",
                    "value": "{89d08418-cd1e-45dd-8285-b95f61c51549}",
                    "visible": true
                },
                "name": {
                    "enabled": true,
                    "type": "text",
                    "value": "strRight",
                    "visible": true
                },
                "path": {
                    "enabled": true,
                    "type": "text",
                    "value": "/",
                    "visible": true
                }
            },
            "values": [
                {
                    "language": "{4fe48e10-dde8-4262-94ac-feaf982de84e}",
                    "value": "Right"
                }
            ]
        },
        {
            "properties": {
                "__categories": [
                ],
                "__groups": [
                ],
                "description": {
                    "enabled": true,
                    "type": "text",
                    "value": "",
                    "visible": true
                },
                "id": {
                    "enabled": true,
                    "type": "uuid",
                    "value": "{9554d2c8-5956-42d6-8376-938dd0705211}",
                    "visible": true
                },
                "name": {
                    "enabled": true,
                    "type": "text",
                    "value": "str6",
                    "visible": true
                },
                "path": {
                    "enabled": true,
                    "type": "text",
                    "value": "/",
                    "visible": true
                }
            },
            "values": [
                {
                    "language": "{4fe48e10-dde8-4262-94ac-feaf982de84e}",
                    "value": "+6"
                }
            ]
        },
        {
            "properties": {
                "__categories": [
                ],
                "__groups": [
                ],
                "description": {
                    "enabled": true,
                    "type": "text",
                    "value": "",
                    "visible": true
                },
                "id": {
                    "enabled": true,
                    "type": "uuid",
                    "value": "{aa29a97d-b096-4c9d-b997-d4ce2469c4b5}",
                    "visible": true
                },
                "name": {
                    "enabled": true,
                    "type": "text",
                    "value": "strStop",
                    "visible": true
                },
                "path": {
                    "enabled": true,
                    "type": "text",
                    "value": "/",
                    "visible": true
                }
            },
            "values": [
                {
                    "language": "{4fe48e10-dde8-4262-94ac-feaf982de84e}",
                    "value": "Stop"
                }
            ]
        },
        {
            "properties": {
                "__categories": [
                ],
                "__groups": [
                ],
                "description": {
                    "enabled": true,
                    "type": "text",
                    "value": "",
                    "visible": true
                },
                "id": {
                    "enabled": true,
                    "type": "uuid",
                    "value": "{ae1b2f3b-a8cb-4544-95b5-f3a478894a65}",
                    "visible": true
                },
                "name": {
                    "enabled": true,
                    "type": "text",
                    "value": "str8",
                    "visible": true
                },
                "path": {
                    "enabled": true,
                    "type": "text",
                    "value": "/",
                    "visible": true
                }
            },
            "values": [
                {
                    "language": "{4fe48e10-dde8-4262-94ac-feaf982de84e}",
                    "value": "+8"
                }
            ]
        },
        {
            "properties": {
                "__categories": [
                ],
                "__groups": [
                ],
                "description": {
                    "enabled": true,
                    "type": "text",
                    "value": "",
                    "visible": true
                },
                "id": {
                    "enabled": true,
                    "type": "uuid",
                    "value": "{b5f21561-ee4e-4bca-8108-d702d900489c}",
                    "visible": true
                },
                "name": {
                    "enabled": true,
                    "type": "text",
                    "value": "strn12",
                    "visible": true
                },
                "path": {
                    "enabled": true,
                    "type": "text",
                    "value": "/",
                    "visible": true
                }
            },
            "values": [
                {
                    "language": "{4fe48e10-dde8-4262-94ac-feaf982de84e}",
                    "value": "-12"
                }
            ]
        },
        {
            "properties": {
                "__categories": [
                ],
                "__groups": [
                ],
                "description": {
                    "enabled": true,
                    "type": "text",
                    "value": "",
                    "visible": true
                },
                "id": {
                    "enabled": true,
                    "type": "uuid",
                    "value": "{b667c1ec-b218-4811-b9f8-4fe4a52314e3}",
                    "visible": true
                },
                "name": {
                    "enabled": true,
                    "type": "text",
                    "value": "strn5",
                    "visible": true
                },
                "path": {
                    "enabled": true,
                    "type": "text",
                    "value": "/",
                    "visible": true
                }
            },
            "values": [
                {
                    "language": "{4fe48e10-dde8-4262-94ac-feaf982de84e}",
                    "value": "-5"
                }
            ]
        },
        {
            "properties": {
                "__categories": [
                ],
                "__groups": [
                ],
                "description": {
                    "enabled": true,
                    "type": "text",
                    "value": "",
                    "visible": true
                },
                "id": {
                    "enabled": true,
                    "type": "uuid",
                    "value": "{ba280a89-39b6-4982-8e6b-842795013ff2}",
                    "visible": true
                },
                "name": {
                    "enabled": true,
                    "type": "text",
                    "value": "str10",
                    "visible": true
                },
                "path": {
                    "enabled": true,
                    "type": "text",
                    "value": "/",
                    "visible": true
                }
            },
            "values": [
                {
                    "language": "{4fe48e10-dde8-4262-94ac-feaf982de84e}",
                    "value": "10"
                }
            ]
        },
        {
            "properties": {
                "__categories": [
                ],
                "__groups": [
                ],
                "description": {
                    "enabled": true,
                    "type": "text",
                    "value": "",
                    "visible": true
                },
                "id": {
                    "enabled": true,
                    "type": "uuid",
                    "value": "{be341c40-4bb4-4cdd-8900-d573c03c0bb6}",
                    "visible": true
                },
                "name": {
                    "enabled": true,
                    "type": "text",
                    "value": "strFilename",
                    "visible": true
                },
                "path": {
                    "enabled": true,
                    "type": "text",
                    "value": "/",
                    "visible": true
                }
            },
            "values": [
                {
                    "language": "{4fe48e10-dde8-4262-94ac-feaf982de84e}",
                    "value": "Filename"
                }
            ]
        },
        {
            "properties": {
                "__categories": [
                ],
                "__groups": [
                ],
                "description": {
                    "enabled": true,
                    "type": "text",
                    "value": "",
                    "visible": true
                },
                "id": {
                    "enabled": true,
                    "type": "uuid",
                    "value": "{c201d88a-14c5-4b4e-b8bf-b12fe91d045f}",
                    "visible": true
                },
                "name": {
                    "enabled": true,
                    "type": "text",
                    "value": "strClose",
                    "visible": true
                },
                "path": {
                    "enabled": true,
                    "type": "text",
                    "value": "/",
                    "visible": true
                }
            },
            "values": [
                {
                    "language": "{4fe48e10-dde8-4262-94ac-feaf982de84e}",
                    "value": "Close"
                }
            ]
        },
        {
            "properties": {
                "__categories": [
                ],
                "__groups": [
                ],
                "description": {
                    "enabled": true,
                    "type": "text",
                    "value": "",
                    "visible": true
                },
                "id": {
                    "enabled": true,
                    "type": "uuid",
                    "value": "{c360432a-78d0-4015-ab78-057e815e6f2c}",
                    "visible": true
                },
                "name": {
                    "enabled": true,
                    "type": "text",
                    "value": "strMix",
                    "visible": true
                },
                "path": {
                    "enabled": true,
                    "type": "text",
                    "value": "/",
                    "visible": true
                }
            },
            "values": [
                {
                    "language": "{4fe48e10-dde8-4262-94ac-feaf982de84e}",
                    "value": "Mix"
                }
            ]
        },
        {
            "properties": {
                "__categories": [
                ],
                "__groups": [
                ],
                "description": {
                    "enabled": true,
                    "type": "text",
                    "value": "",
                    "visible": true
                },
                "id": {
                    "enabled": true,
                    "type": "uuid",
                    "value": "{cf5af44a-5b87-4eb4-a849-1f4f1d90d152}",
                    "visible": true
                },
                "name": {
                    "enabled": true,
                    "type": "text",
                    "value": "strPlay",
                    "visible": true
                },
                "path": {
                    "enabled": true,
                    "type": "text",
                    "value": "/",
                    "visible": true
                }
            },
            "values": [
                {
                    "language": "{4fe48e10-dde8-4262-94ac-feaf982de84e}",
                    "value": "Play"
                }
            ]
        },
        {
            "properties": {
                "__categories": [
                ],
                "__groups": [
                ],
                "description": {
                    "enabled": true,
                    "type": "text",
                    "value": "",
                    "visible": true
                },
                "id": {
                    "enabled": true,
                    "type": "uuid",
                    "value": "{d2b5abf1-7773-4e77-a667-f35f4b62c884}",
                    "visible": true
                },
                "name": {
                    "enabled": true,
                    "type": "text",
                    "value": "strn20",
                    "visible": true
                },
                "path": {
                    "enabled": true,
                    "type": "text",
                    "value": "/",
                    "visible": true
                }
            },
            "values": [
                {
                    "language": "{4fe48e10-dde8-4262-94ac-feaf982de84e}",
                    "value": "-20"
                }
            ]
        },
        {
            "properties": {
                "__categories": [
                ],
                "__groups": [
                ],
                "description": {
                    "enabled": true,
                    "type": "text",
                    "value": "",
                    "visible": true
                },
                "id": {
                    "enabled": true,
                    "type": "uuid",
                    "value": "{de7b1fa9-1c09-4403-b959-5baca4d6cc23}",
                    "visible": true
                },
                "name": {
                    "enabled": true,
                    "type": "text",
                    "value": "strReset",
                    "visible": true
                },
                "path": {
                    "enabled": true,
                    "type": "text",
                    "value": "/",
                    "visible": true
                }
            },
            "values": [
                {
                    "language": "{4fe48e10-dde8-4262-94ac-feaf982de84e}",
                    "value": "Reset"
                }
            ]
        },
        {
            "properties": {
                "__categories": [
                ],
                "__groups": [
                ],
                "description": {
                    "enabled": true,
                    "type": "text",
                    "value": "",
                    "visible": true
                },
                "id": {
                    "enabled": true,
                    "type": "uuid",
                    "value": "{f087d6e3-06d5-404e-a2ba-0b0db0573f84}",
                    "visible": true
                },
                "name": {
                    "enabled": true,
                    "type": "text",
                    "value": "strDisabled",
                    "visible": true
                },
                "path": {
                    "enabled": true,
                    "type": "text",
                    "value": "/",
                    "visible": true
                }
            },
            "values": [
                {
                    "language": "{4fe48e10-dde8-4262-94ac-feaf982de84e}",
                    "value": "Disabled"
                }
            ]
        },
        {
            "properties": {
                "__categories": [
                ],
                "__groups": [
                ],
                "description": {
                    "enabled": true,
                    "type": "text",
                    "value": "",
                    "visible": true
                },
                "id": {
                    "enabled": true,
                    "type": "uuid",
                    "value": "{f8c79e37-2b6f-44e0-88de-d198f3f6c9ae}",
                    "visible": true
                },
                "name": {
                    "enabled": true,
                    "type": "text",
                    "value": "strTreble",
                    "visible": true
                },
                "path": {
                    "enabled": true,
                    "type": "text",
                    "value": "/",
                    "visible": true
                }
            },
            "values": [
                {
                    "language": "{4fe48e10-dde8-4262-94ac-feaf982de84e}",
                    "value": "Treble"
                }
            ]
        },
        {
            "properties": {
                "__categories": [
                ],
                "__groups": [
                ],
                "description": {
                    "enabled": true,
                    "type": "text",
                    "value": "",
                    "visible": true
                },
                "id": {
                    "enabled": true,
                    "type": "uuid",
                    "value": "{fee558cb-1418-4744-bf0f-2c31fb7ed4e2}",
                    "visible": true
                },
                "name": {
                    "enabled": true,
                    "type": "text",
                    "value": "str3",
                    "visible": true
                },
                "path": {
                    "enabled": true,
                    "type": "text",
                    "value": "/",
                    "visible": true
                }
            },
            "values": [
                {
                    "language": "{4fe48e10-dde8-4262-94ac-feaf982de84e}",
                    "value": "+3"
                }
            ]
        }
    ]
}
