{
    "fonts": [
        {
            "id": "{37f841c8-26c0-43cb-a829-c9a0b62c8041}",
            "name": "InterSmall"
        },
        {
            "id": "{fece347e-b1ba-4c3b-906f-19ae6644a37a}",
            "name": "InterBigSemiBold"
        },
        {
            "id": "{73b1f927-d447-49c9-bc1b-30cd87c22c06}",
            "name": "InterSmallSemiBold"
        },
        {
            "id": "{63d0aaaf-56d2-4faf-8c4c-a5a4cc643f6c}",
            "name": "InterMidSmallSemiBold"
        }
    ],
    "paths": [
    ]
}
