{
    "fonts": [
        {
            "id": "{9d7ed013-cafe-4861-887b-ac2c1062a883}",
            "name": "FontBig"
        },
        {
            "id": "{b104a612-7e7b-44da-b165-5c1f4b4ef352}",
            "name": "FontMidRegular"
        },
        {
            "id": "{921a19ae-1f92-45e9-96c8-097fed5313d8}",
            "name": "FontMidBold"
        },
        {
            "id": "{92440fdf-2ea3-4644-a747-4f2b6fc4c49e}",
            "name": "FontSmallRegular"
        },
        {
            "id": "{ff13cb95-e354-41a5-b3b8-7068beba066c}",
            "name": "FontTinyRegular"
        }
    ],
    "paths": [
    ]
}
